X,Y,Z,Label
16,-145,993,O
14,-159,1000,O
21,-153,998,O
32,-147,999,O
44,-137,994,O
59,-130,1008,O
59,-117,1002,O
65,-120,986,O
61,-118,961,O
79,-126,929,O
58,-118,925,O
67,-124,940,O
66,-110,914,O
69,-90,902,O
68,-100,916,O
75,-78,926,O
81,-70,932,O
74,-76,932,O
79,-73,918,O
75,-84,919,O
86,-93,913,O
91,-83,926,O
96,-81,946,O
108,-64,938,O
99,-65,930,O
106,-56,926,O
101,-54,926,O
105,-54,927,O
102,-60,947,O
109,-53,952,O
103,-49,938,O
104,-47,942,O
98,-28,923,O
98,5,928,O
117,27,967,O
117,26,968,O
126,11,952,O
127,1,946,O
133,10,921,O
138,39,931,O
151,76,958,O
165,84,965,O
176,97,937,O
187,91,955,O
187,69,953,O
159,72,951,O
159,81,949,O
156,84,922,O
151,91,940,O
164,109,942,O
164,94,939,O
153,99,931,O
159,92,945,O
179,79,944,O
189,70,925,O
195,56,907,O
192,61,896,O
193,56,891,O
193,62,837,O
167,64,804,O
177,64,781,O
157,83,795,O
158,108,802,O
178,133,814,O
200,128,826,O
201,145,787,O
227,153,788,O
238,165,784,O
251,193,833,O
270,228,832,O
289,251,834,O
298,288,818,O
298,331,825,O
337,331,834,O
358,339,855,O
406,356,876,O
426,378,906,O
440,419,954,O
466,453,942,O
478,485,937,O
483,495,863,O
486,498,826,O
494,497,810,O
516,480,861,O
523,424,933,O
533,385,1011,O
533,350,1072,O
527,317,1098,O
502,305,1056,O
510,303,1023,O
507,313,949,O
524,335,919,O
545,341,954,O
573,324,995,O
592,296,1058,O
601,268,1137,O
602,224,1122,O
580,229,1104,O
582,196,1078,O
575,193,1015,O
589,222,966,O
630,229,948,O
632,220,966,O
632,202,1021,O
647,168,1057,O
630,131,1085,O
599,123,1079,O
600,99,1049,O
605,116,1015,O
598,140,983,O
608,151,974,O
601,155,947,O
618,167,970,O
621,160,1031,O
635,146,1044,O
650,125,1088,O
638,115,1119,O
653,109,1130,O
669,110,1126,O
678,127,1096,O
680,152,1087,O
685,168,1068,O
691,180,1031,O
664,173,1018,O
658,145,995,O
641,146,1015,O
638,144,968,O
627,115,974,O
603,93,956,O
592,49,966,O
566,35,1020,O
548,17,1017,O
541,18,1009,O
523,7,1035,O
509,-12,1053,O
519,-25,1024,O
485,-48,1027,O
480,-65,1032,O
496,-75,994,O
471,-73,1025,O
480,-76,1045,O
472,-72,1047,O
471,-65,1039,O
469,-57,1006,O
460,-69,985,O
459,-67,981,O
474,-62,1007,O
482,-88,1051,O
466,-100,1051,O
473,-95,1064,O
475,-100,1069,O
453,-70,1074,O
450,-31,1082,O
451,-14,1074,O
435,-23,1028,O
401,-84,1041,O
372,-96,1018,O
360,-108,1018,O
333,-111,1027,O
329,-103,1009,O
307,-77,942,O
287,-61,910,O
279,-57,911,O
271,-47,913,O
263,-37,874,O
263,-40,866,O
237,-45,844,O
227,-67,854,O
218,-69,825,O
216,-65,798,O
199,-39,784,O
194,-26,759,O
185,-8,717,O
175,-34,743,O
156,-54,762,O
164,-67,741,O
153,-83,774,O
148,-92,817,O
141,-70,793,O
139,-56,779,O
150,-43,787,O
140,-28,785,O
128,-6,789,O
132,4,808,O
137,-13,861,O
129,-27,884,O
128,-62,929,O
120,-94,953,O
127,-86,949,O
134,-62,934,O
145,-14,924,O
167,17,920,O
152,22,916,O
134,26,905,O
106,14,887,O
104,17,895,O
115,6,915,O
106,36,913,O
108,76,909,O
96,123,932,O
102,157,913,O
86,190,861,O
70,213,852,O
71,248,838,O
74,252,870,O
63,258,880,O
69,277,881,O
60,300,912,O
61,333,918,O
77,359,906,O
98,378,927,O
108,374,931,O
107,361,939,O
100,353,960,O
93,355,966,O
79,362,998,O
66,339,1026,O
54,348,1007,O
52,348,974,O
60,350,963,O
57,341,975,O
62,331,977,O
57,298,1000,O
53,291,1007,O
57,265,1023,O
68,246,1039,O
75,217,1047,O
81,199,1056,O
67,202,1039,O
70,186,1032,O
78,183,1017,O
74,162,1023,O
57,147,1020,O
53,123,1004,O
40,108,990,O
44,113,986,O
42,104,994,O
43,106,1008,O
50,94,994,O
40,85,986,O
39,84,981,O
41,84,979,O
44,89,978,O
56,57,991,O
59,37,1013,O
62,47,1009,O
58,55,1003,O
64,59,1009,O
65,59,1017,O
33,-150,1051,O
34,-165,1021,O
18,-169,1001,O
23,-169,994,O
35,-190,968,O
18,-173,953,O
17,-175,931,O
33,-194,934,O
42,-194,917,O
55,-197,914,O
46,-175,898,O
64,-169,864,O
58,-149,808,O
58,-106,796,O
49,-79,776,O
62,-38,801,O
70,0,834,O
85,26,835,O
96,27,812,O
95,26,828,O
122,28,793,O
128,39,798,O
136,63,795,O
139,83,778,O
150,102,802,O
155,106,810,O
160,117,816,O
173,131,801,O
186,137,801,O
201,127,789,O
209,139,806,O
211,145,795,O
215,161,792,O
200,189,787,O
210,227,807,O
220,260,787,O
230,269,790,O
241,295,781,O
247,317,759,O
247,343,751,O
242,384,727,O
254,422,749,O
275,439,739,O
307,449,738,O
341,468,759,O
383,465,818,O
401,427,883,O
396,391,943,O
391,381,971,O
390,381,989,O
405,394,990,O
398,441,959,O
423,483,922,O
452,493,918,O
476,499,925,O
502,479,937,O
492,465,932,O
485,454,973,O
478,470,1006,O
488,475,1005,O
492,484,1008,O
518,476,1021,O
534,461,1043,O
539,444,1084,O
550,413,1108,O
585,371,1074,O
547,368,1060,O
534,360,1063,O
535,353,1045,O
542,346,1092,O
546,327,1108,O
555,309,1113,O
547,307,1073,O
553,306,1063,O
569,277,1070,O
548,252,1079,O
551,205,1046,O
541,203,976,O
499,206,933,O
501,210,912,O
500,187,892,O
479,190,855,O
484,197,845,O
510,187,859,O
508,168,932,O
514,141,971,O
512,131,975,O
525,110,945,O
510,98,958,O
502,82,980,O
519,81,1012,O
529,81,1005,O
534,76,1026,O
522,82,1027,O
514,88,1014,O
524,101,1028,O
518,102,1032,O
522,95,1020,O
524,83,1047,O
500,56,1063,O
504,51,1022,O
504,81,985,O
501,98,971,O
520,98,977,O
524,84,1010,O
527,83,1028,O
537,66,1041,O
552,40,1038,O
537,44,1074,O
547,25,1094,O
557,22,1078,O
544,35,1066,O
545,52,1066,O
539,53,1084,O
516,50,1090,O
531,23,1080,O
521,-10,1073,O
506,-5,1083,O
491,-4,1102,O
483,-27,1088,O
467,-27,1088,O
451,-16,1092,O
458,-26,1095,O
442,-40,1146,O
435,-25,1116,O
444,-19,1061,O
428,-24,1025,O
427,-24,1003,O
400,-41,1001,O
387,-39,1020,O
389,-44,1035,O
387,-48,1018,O
365,-49,1016,O
350,-43,1034,O
345,-53,1034,O
322,-60,1048,O
309,-68,1050,O
289,-85,1033,O
278,-135,1054,O
269,-150,1050,O
262,-143,1036,O
265,-116,1036,O
260,-110,1042,O
248,-81,1021,O
240,-72,989,O
230,-97,984,O
212,-123,968,O
204,-170,952,O
219,-170,931,O
223,-132,913,O
248,-80,885,O
244,-12,844,O
245,33,822,O
240,61,787,O
220,16,809,O
192,-46,827,O
163,-98,852,O
151,-153,874,O
127,-149,874,O
142,-98,839,O
144,-53,838,O
137,-14,800,O
137,18,778,O
122,20,785,O
114,-10,778,O
102,-77,811,O
87,-124,827,O
105,-145,843,O
93,-134,826,O
124,-70,791,O
131,-8,761,O
131,56,767,O
132,130,768,O
103,171,772,O
85,204,799,O
73,202,864,O
50,211,869,O
30,247,855,O
29,294,851,O
44,346,834,O
37,379,845,O
46,414,875,O
38,436,860,O
41,460,827,O
36,451,836,O
32,430,859,O
43,422,897,O
55,416,930,O
65,395,952,O
70,368,960,O
77,336,962,O
68,307,981,O
52,280,1004,O
50,257,1046,O
64,239,1071,O
56,217,1051,O
37,198,1049,O
37,180,1037,O
40,155,1025,O
34,153,1047,O
42,132,1039,O
46,123,1046,O
33,121,1040,O
44,118,1030,O
30,105,1047,O
46,83,1046,O
34,59,1041,O
27,44,1029,O
43,54,1010,O
34,59,989,O
34,80,1007,O
45,85,1011,O
32,73,1011,O
37,58,987,O
37,52,984,O
34,50,1003,O
35,51,994,O
35,58,992,O
33,49,1009,O
40,54,1036,O
41,53,1019,O
57,43,1011,O
56,50,1022,O
53,48,992,O
53,38,1004,O
55,35,995,O
60,32,1025,O
77,16,1033,O
83,0,1058,O
78,-18,1075,O
92,-37,1082,O
97,-67,1068,O
88,-79,1082,O
81,-104,1040,O
73,-170,971,O
66,-197,943,O
54,-209,922,O
55,-232,908,O
34,-238,910,O
38,-237,933,O
41,-234,934,O
32,-218,920,O
33,-214,924,O
26,-179,880,O
28,-150,863,O
33,-109,837,O
47,-70,809,O
37,-31,800,O
52,-10,783,O
44,10,801,O
56,56,794,O
67,60,808,O
71,84,840,O
87,119,834,O
90,134,824,O
99,133,798,O
109,126,758,O
128,143,740,O
133,176,705,O
123,223,731,O
162,246,743,O
162,256,752,O
166,269,752,O
182,292,757,O
190,288,778,O
218,279,777,O
242,263,753,O
261,238,767,O
253,224,802,O
246,267,845,O
268,295,870,O
289,329,863,O
320,345,873,O
342,384,871,O
379,364,909,O
403,370,940,O
408,350,922,O
424,336,915,O
421,317,902,O
394,310,930,O
373,328,920,O
365,368,954,O
374,401,980,O
387,417,1046,O
417,434,1039,O
459,448,1009,O
477,436,979,O
495,415,1015,O
487,386,1052,O
462,382,1102,O
492,383,1091,O
457,393,1058,O
439,437,995,O
461,477,936,O
486,513,888,O
519,546,888,O
529,528,921,O
530,505,923,O
527,449,934,O
546,390,933,O
548,349,990,O
570,283,1054,O
585,249,1090,O
604,207,1134,O
601,164,1174,O
605,133,1195,O
580,165,1182,O
573,166,1174,O
592,188,1106,O
618,181,1059,O
621,184,1019,O
627,162,1049,O
622,132,1068,O
632,93,1094,O
635,51,1140,O
611,37,1187,O
623,22,1223,O
625,31,1208,O
618,49,1208,O
617,48,1191,O
638,63,1167,O
637,69,1122,O
620,91,1083,O
606,82,1069,O
573,65,1112,O
576,44,1097,O
556,44,1101,O
553,55,1107,O
558,77,1098,O
561,92,1083,O
547,92,1057,O
542,82,1049,O
545,51,1030,O
521,36,1023,O
497,21,1014,O
485,16,1018,O
462,-5,1022,O
428,-30,1015,O
413,-37,1010,O
404,-52,992,O
405,-81,1004,O
377,-83,993,O
354,-99,998,O
336,-107,996,O
337,-100,997,O
347,-112,1011,O
338,-118,1023,O
340,-142,1020,O
339,-141,1037,O
326,-162,1039,O
346,-146,1079,O
335,-120,1066,O
327,-109,1081,O
323,-122,1068,O
300,-116,1038,O
268,-158,985,O
246,-195,983,O
240,-239,979,O
233,-245,964,O
251,-238,956,O
256,-228,963,O
259,-197,934,O
277,-159,943,O
270,-127,965,O
292,-122,969,O
291,-173,1027,O
272,-201,971,O
251,-230,977,O
256,-229,927,O
224,-206,926,O
203,-174,914,O
216,-134,857,O
201,-109,845,O
195,-125,849,O
183,-132,849,O
158,-162,861,O
172,-214,885,O
160,-272,913,O
182,-259,869,O
199,-181,836,O
223,-83,811,O
234,-16,772,O
225,40,753,O
211,65,753,O
191,48,780,O
171,35,822,O
148,2,825,O
105,-9,849,O
80,-3,823,O
47,34,767,O
35,107,736,O
29,184,728,O
30,239,725,O
31,292,735,O
11,300,763,O
4,304,781,O
-16,337,790,O
-17,348,819,O
-12,382,811,O
-11,422,840,O
0,489,804,O
5,542,796,O
22,589,806,O
39,602,788,O
62,591,818,O
69,555,895,O
78,525,884,O
87,478,917,O
102,422,990,O
104,383,1035,O
118,340,1029,O
112,334,1039,O
115,330,1026,O
109,332,1030,O
88,339,1024,O
85,316,1000,O
69,288,994,O
55,280,998,O
56,247,989,O
56,194,1004,O
55,161,1035,O
52,126,1045,O
43,120,1059,O
45,120,1076,O
59,115,1047,O
53,118,1069,O
58,114,1069,O
55,133,1059,O
85,-165,915,O
67,-120,909,O
55,-88,873,O
44,-70,840,O
37,-63,844,O
38,-54,864,O
41,-47,857,O
33,-42,824,O
26,-20,842,O
40,8,832,O
44,47,805,O
74,90,784,O
90,129,759,O
84,178,708,O
93,193,677,O
91,185,664,O
115,218,685,O
135,253,715,O
147,274,732,O
180,294,746,O
201,326,765,O
229,322,746,O
240,323,725,O
244,312,723,O
245,335,735,O
269,355,758,O
262,361,843,O
286,393,880,O
304,393,886,O
293,393,951,O
320,385,958,O
315,385,983,O
309,386,1014,O
324,379,1015,O
321,378,1022,O
308,401,1020,O
309,415,1005,O
311,415,991,O
303,428,985,O
307,432,971,O
301,425,989,O
305,423,1014,O
336,407,1038,O
362,378,1041,O
355,369,1020,O
361,361,1025,O
371,372,1020,O
375,414,1028,O
421,402,1032,O
458,364,1077,O
469,319,1112,O
460,295,1101,O
453,277,1097,O
415,233,1079,O
408,241,1021,O
414,286,999,O
453,318,989,O
504,298,985,O
529,246,1032,O
524,185,1057,O
506,124,1125,O
504,86,1165,O
519,69,1165,O
499,82,1133,O
531,99,1105,O
552,95,1127,O
549,78,1133,O
536,69,1149,O
517,57,1133,O
504,55,1125,O
475,78,1101,O
472,87,1043,O
491,85,1016,O
499,57,991,O
474,30,1037,O
491,25,1058,O
475,27,1076,O
467,68,1067,O
463,92,1032,O
461,101,997,O
477,106,995,O
485,87,1026,O
474,61,1038,O
451,50,1007,O
440,56,999,O
431,46,1025,O
440,66,1026,O
445,64,1026,O
437,38,1056,O
442,30,1047,O
444,11,1068,O
466,-10,1085,O
447,-11,1114,O
457,-10,1126,O
469,-8,1143,O
447,-7,1128,O
453,-2,1108,O
452,-6,1116,O
443,-4,1073,O
446,10,1063,O
429,7,1073,O
434,35,1049,O
432,55,1038,O
420,57,1053,O
415,27,1050,O
405,22,1064,O
381,9,1050,O
388,-29,1062,O
365,-38,1053,O
351,-36,1062,O
349,-33,1073,O
334,-25,1069,O
328,-9,1002,O
311,6,981,O
306,23,1000,O
309,-6,982,O
306,-22,1008,O
280,-54,1038,O
264,-87,1082,O
276,-126,1111,O
277,-116,1111,O
269,-100,1104,O
267,-97,1057,O
262,-76,1027,O
252,-33,1011,O
239,11,969,O
240,17,936,O
242,-14,912,O
216,-179,1005,O
182,-279,1069,O
198,-308,1083,O
216,-299,1070,O
221,-234,1043,O
254,-150,969,O
255,-89,918,O
251,-83,860,O
242,-92,789,O
212,-102,744,O
178,-159,751,O
125,-229,790,O
93,-289,825,O
73,-309,881,O
80,-297,905,O
111,-251,887,O
129,-191,861,O
144,-155,819,O
133,-138,793,O
109,-133,799,O
109,-130,796,O
107,-167,807,O
106,-162,843,O
118,-135,865,O
131,-70,870,O
162,-30,867,O
178,6,874,O
169,29,858,O
189,41,845,O
182,38,822,O
167,38,826,O
151,39,811,O
139,62,840,O
136,92,870,O
117,123,893,O
109,177,900,O
89,219,903,O
70,280,885,O
57,332,857,O
29,370,819,O
-3,411,794,O
0,452,793,O
-10,478,796,O
9,475,801,O
15,483,823,O
22,486,877,O
32,479,908,O
57,469,954,O
70,434,989,O
59,402,1018,O
63,372,1014,O
65,341,1005,O
60,315,1035,O
64,295,1026,O
42,276,1033,O
30,255,1030,O
29,232,1025,O
19,231,1011,O
13,214,1007,O
16,194,1019,O
8,183,1016,O
12,175,1014,O
28,167,1008,O
23,161,1016,O
14,144,1020,O
8,114,1036,O
9,124,1033,O
24,139,1021,O
33,143,1003,O
32,138,998,O
36,136,990,O
19,137,989,O
28,133,1021,O
22,101,1044,O
5,90,1034,O
14,98,1004,O
20,94,1023,O
25,119,1014,O
16,121,1000,O
11,128,985,O
7,137,979,O
12,126,972,O
25,123,989,O
17,120,990,O
33,102,1004,O
33,113,1008,O
34,142,1007,O
45,145,994,O
51,150,1005,O
50,129,1001,O
56,119,991,O
48,119,986,O
58,129,1039,O
48,127,1038,O
56,121,1028,O
50,114,1014,O
47,124,994,O
47,129,1001,O
49,110,988,O
47,124,960,O
45,112,993,O
53,109,1017,O
50,98,1030,O
47,95,1010,O
48,88,996,O
48,89,1016,O
54,95,1007,O
51,93,1009,O
52,76,1015,O
55,47,1044,O
13,-116,914,O
21,-113,892,O
42,-95,867,O
38,-102,835,O
55,-97,827,O
49,-99,810,O
46,-86,790,O
41,-74,792,O
54,-51,788,O
50,-44,775,O
45,-43,777,O
77,-65,802,O
64,-61,829,O
81,-41,832,O
89,-29,844,O
97,-25,828,O
93,-7,842,O
108,7,839,O
107,24,839,O
119,56,852,O
110,78,833,O
117,99,841,O
140,128,793,O
164,179,781,O
165,213,801,O
183,240,765,O
202,275,750,O
205,311,762,O
230,312,790,O
245,308,801,O
231,304,809,O
222,302,820,O
234,328,825,O
239,357,822,O
264,380,809,O
287,400,814,O
295,405,844,O
297,392,855,O
295,393,865,O
293,392,877,O
286,408,876,O
304,420,870,O
305,431,850,O
329,453,859,O
334,463,874,O
346,464,895,O
353,448,940,O
351,436,963,O
340,434,1019,O
396,423,1039,O
431,390,1066,O
450,373,1059,O
461,345,1099,O
488,324,1099,O
520,308,1082,O
476,308,1112,O
466,325,1148,O
457,360,1162,O
459,380,1177,O
472,385,1170,O
478,379,1135,O
495,318,1136,O
485,256,1143,O
471,241,1142,O
461,210,1127,O
439,243,1132,O
451,277,1089,O
453,303,1062,O
466,300,1087,O
494,219,1147,O
450,152,1188,O
455,92,1188,O
437,55,1182,O
427,65,1132,O
426,102,1110,O
444,169,1033,O
454,188,986,O
455,160,1020,O
465,94,1054,O
451,58,1083,O
433,17,1162,O
422,3,1156,O
419,41,1137,O
446,126,1103,O
457,162,1082,O
460,171,1056,O
459,150,1067,O
457,92,1085,O
433,62,1120,O
442,34,1166,O
447,37,1207,O
480,56,1175,O
460,69,1177,O
451,51,1166,O
446,30,1163,O
421,68,1118,O
403,48,1120,O
397,10,1134,O
358,-19,1105,O
358,-29,1092,O
327,-43,1099,O
307,-39,1115,O
288,-35,1096,O
269,-13,1124,O
244,11,1093,O
249,23,1119,O
238,27,1145,O
235,30,1132,O
250,39,1149,O
266,24,1164,O
277,4,1200,O
301,9,1219,O
328,45,1219,O
366,77,1192,O
368,90,1129,O
342,162,1079,O
305,46,1064,O
297,-7,1011,O
263,-84,1013,O
230,-120,1052,O
240,-113,1045,O
256,-85,1056,O
233,-14,1036,O
243,11,978,O
207,-3,983,O
201,-37,915,O
166,-77,867,O
120,-94,892,O
111,-127,911,O
115,-158,928,O
103,-177,988,O
104,-153,962,O
120,-123,900,O
115,-90,883,O
105,-53,836,O
98,-56,790,O
61,-81,799,O
73,-122,809,O
66,-153,847,O
74,-206,902,O
81,-182,940,O
89,-129,932,O
99,-49,893,O
110,26,839,O
105,14,811,O
78,32,803,O
66,25,811,O
62,-25,865,O
46,-87,921,O
44,-105,936,O
48,-49,898,O
56,28,866,O
53,86,850,O
47,136,838,O
49,153,827,O
22,123,823,O
-2,65,843,O
-19,36,904,O
-17,7,966,O
-23,33,965,O
-18,73,909,O
-38,110,908,O
-45,136,896,O
-63,159,851,O
-90,143,876,O
-107,120,885,O
-112,82,888,O
-105,36,943,O
-120,36,928,O
-122,82,907,O
-108,140,856,O
-108,170,862,O
-111,178,870,O
-102,178,883,O
-123,143,909,O
-101,123,958,O
-96,94,938,O
-94,94,974,O
-87,97,958,O
-101,147,953,O
-96,189,956,O
-87,227,936,O
-80,242,926,O
-82,232,934,O
-78,202,928,O
-93,189,915,O
-81,167,955,O
-75,146,942,O
-73,167,927,O
-49,189,916,O
-49,199,935,O
-44,189,958,O
-38,198,956,O
-44,218,961,O
-46,221,947,O
-57,211,977,O
-46,193,962,O
-79,181,981,O
-67,210,984,O
-67,207,1000,O
-76,228,1009,O
-78,249,1009,O
-65,281,1017,O
-53,286,1046,O
-42,270,1061,O
-35,242,1081,O
-40,229,1080,O
-39,216,1104,O
-25,216,1109,O
-14,228,1107,O
-14,260,1087,O
1,273,1064,O
5,286,1037,O
7,305,1030,O
-2,295,1008,O
10,275,992,O
-1,247,1008,O
1,202,1033,O
16,182,1038,O
21,173,1039,O
6,147,1052,O
-11,136,1034,O
-14,132,1001,O
-32,116,978,O
-37,108,977,O
-31,48,1028,O
-34,41,1040,O
-40,23,1054,O
-43,0,1042,O
-54,-29,1075,O
-58,-64,1065,O
-54,-93,1092,O
-69,-121,1072,O
-63,-138,1046,O
-57,-145,1001,O
-60,-147,960,O
-82,-159,948,O
-51,-147,907,O
-70,-131,873,O
-64,-131,857,O
-72,-124,867,O
-71,-103,868,O
-71,-89,863,O
-56,-73,867,O
-56,-68,846,O
-45,-53,842,O
-40,-38,812,O
-52,-32,823,O
-37,-18,833,O
-52,16,830,O
-29,50,838,O
-16,86,849,O
-5,120,844,O
-8,112,824,O
9,102,790,O
2,83,796,O
-3,85,790,O
10,106,822,O
33,132,826,O
49,143,824,O
56,159,830,O
86,169,803,O
87,186,803,O
116,176,817,O
134,183,803,O
136,174,839,O
159,154,821,O
175,154,812,O
169,172,842,O
183,217,845,O
201,269,843,O
195,311,834,O
191,335,810,O
177,373,802,O
190,400,864,O
213,415,896,O
226,404,917,O
246,408,916,O
269,410,947,O
277,405,970,O
287,408,985,O
274,416,994,O
263,411,985,O
252,435,969,O
247,443,962,O
239,451,952,O
239,456,953,O
239,470,961,O
238,494,948,O
256,489,918,O
244,492,927,O
276,493,951,O
302,488,975,O
321,480,1015,O
338,456,1042,O
371,439,1068,O
391,398,1066,O
406,361,1054,O
411,309,1064,O
408,311,1104,O
427,338,1127,O
442,321,1142,O
447,312,1144,O
463,268,1173,O
435,230,1144,O
422,184,1174,O
416,180,1183,O
410,184,1133,O
420,205,1100,O
427,217,1070,O
406,230,1039,O
403,264,1036,O
397,297,1042,O
400,301,1015,O
407,294,1031,O
436,272,1036,O
458,237,1069,O
467,191,1125,O
469,136,1178,O
464,121,1200,O
454,153,1160,O
446,189,1135,O
454,237,1089,O
463,272,1067,O
481,269,1056,O
485,256,1074,O
469,231,1062,O
459,195,1087,O
448,180,1073,O
437,181,1048,O
442,202,1010,O
465,212,1002,O
451,211,1029,O
451,217,1039,O
460,198,1046,O
447,185,1052,O
453,207,1035,O
448,216,1028,O
439,213,1034,O
439,217,1020,O
443,240,1037,O
442,223,1050,O
444,210,1022,O
426,219,1031,O
415,237,1022,O
400,238,989,O
374,269,977,O
393,281,980,O
391,267,993,O
383,245,1008,O
370,204,1004,O
357,192,1008,O
360,190,1021,O
359,186,1032,O
354,181,1053,O
354,152,1066,O
348,125,1065,O
334,76,1071,O
335,75,1049,O
333,88,1053,O
336,88,1069,O
321,103,1069,O
317,117,1091,O
321,134,1090,O
309,97,1075,O
314,67,1077,O
287,70,1046,O
270,59,1058,O
282,48,1030,O
265,57,1031,O
261,62,1032,O
245,62,1022,O
225,81,1060,O
236,80,1024,O
234,76,1000,O
218,48,1031,O
210,0,1006,O
199,-32,1007,O
168,-37,1004,O
173,-4,975,O
160,19,939,O
150,54,936,O
146,65,919,O
122,40,878,O
101,17,912,O
73,-45,950,O
65,-62,957,O
35,-64,949,O
37,-35,945,O
51,-5,906,O
44,4,871,O
38,-6,873,O
34,-11,844,O
13,-18,844,O
1,-37,869,O
9,-51,901,O
-9,-91,952,O
-15,-90,942,O
-32,-86,892,O
-23,-57,841,O
-40,-29,807,O
-38,2,782,O
-33,55,718,O
-9,93,691,O
-7,35,733,O
-8,-76,884,O
-10,-182,967,O
-2,-198,998,O
9,-125,1011,O
56,-11,989,O
95,101,902,O
78,164,901,O
80,169,859,O
42,157,864,O
18,127,883,O
3,70,918,O
-18,-38,981,O
-27,-97,1023,O
-22,-72,1019,O
4,11,993,O
14,85,996,O
41,151,984,O
35,169,980,O
43,172,994,O
27,137,972,O
15,102,960,O
7,27,985,O
8,-2,984,O
9,-14,970,O
15,63,950,O
34,123,936,O
31,177,908,O
27,219,918,O
18,212,937,O
2,204,921,O
-19,210,955,O
-47,203,950,O
-59,235,906,O
-56,283,876,O
-78,329,852,O
-68,368,852,O
-56,410,841,O
-55,413,880,O
-56,373,896,O
-63,372,894,O
-68,341,920,O
-63,333,959,O
-52,330,948,O
-44,335,939,O
-40,354,924,O
-19,360,913,O
-7,361,922,O
-7,353,945,O
-9,329,943,O
-13,293,962,O
-6,237,1025,O
5,170,1035,O
-3,151,1068,O
1,135,1051,O
-7,139,1072,O
-3,169,1029,O
9,191,1028,O
14,203,1045,O
17,164,1083,O
2,128,1070,O
-7,116,1057,O
-18,113,1037,O
-30,102,1023,O
-33,120,1015,O
-20,141,996,O
-14,140,987,O
-16,140,993,O
-14,137,979,O
-20,128,1001,O
-31,131,988,O
-19,-129,944,O
-28,-126,906,O
-27,-104,913,O
-24,-86,883,O
-23,-78,874,O
-38,-75,869,O
-38,-109,851,O
-53,-115,842,O
-50,-115,818,O
-48,-120,819,O
-36,-108,824,O
-14,-79,807,O
-6,-65,793,O
-8,-47,810,O
6,-28,800,O
13,-7,793,O
8,22,797,O
16,49,789,O
12,76,753,O
0,96,729,O
9,132,729,O
10,163,712,O
27,175,693,O
46,172,670,O
59,199,679,O
61,208,721,O
117,223,719,O
129,244,716,O
141,266,770,O
175,294,816,O
206,297,850,O
237,313,894,O
274,307,900,O
278,347,925,O
294,361,925,O
320,375,938,O
305,385,964,O
315,404,987,O
286,396,968,O
271,394,978,O
278,398,986,O
295,407,1019,O
302,429,1020,O
311,441,1024,O
324,453,1018,O
330,469,1026,O
314,484,978,O
327,480,981,O
341,468,1030,O
346,444,1030,O
344,426,1020,O
349,432,1049,O
364,442,1058,O
352,464,1047,O
352,461,1054,O
376,455,1065,O
386,448,1032,O
378,439,999,O
387,426,997,O
390,401,1038,O
379,356,1092,O
388,317,1143,O
390,287,1128,O
381,242,1152,O
383,232,1128,O
363,240,1079,O
357,255,1025,O
343,292,960,O
354,321,903,O
350,325,891,O
366,308,935,O
384,238,1019,O
397,187,1059,O
394,129,1063,O
397,92,1053,O
389,119,1033,O
407,145,994,O
414,194,975,O
436,217,952,O
445,233,957,O
468,197,964,O
472,176,1016,O
488,110,1062,O
498,70,1088,O
488,52,1099,O
474,54,1113,O
466,77,1077,O
483,77,1079,O
485,67,1105,O
480,25,1123,O
469,-1,1121,O
455,-12,1117,O
452,3,1109,O
451,42,1122,O
454,68,1110,O
448,93,1087,O
451,99,1086,O
456,84,1095,O
440,74,1070,O
429,68,1082,O
414,49,1073,O
422,67,1039,O
423,91,1008,O
412,106,991,O
413,130,989,O
408,154,987,O
412,150,981,O
409,147,969,O
399,141,978,O
395,153,957,O
387,155,986,O
396,160,995,O
388,158,984,O
388,168,983,O
386,136,980,O
365,120,965,O
352,115,990,O
353,105,988,O
339,102,1004,O
330,97,1001,O
332,86,1014,O
336,91,1026,O
320,101,1035,O
336,85,1052,O
342,80,1056,O
339,61,1050,O
336,41,1069,O
344,41,1061,O
352,64,1075,O
349,78,1066,O
348,55,1069,O
335,49,1057,O
313,54,1047,O
308,59,1048,O
295,44,1050,O
294,49,1039,O
275,42,1049,O
278,-1,1053,O
260,-12,1032,O
265,-39,1054,O
233,-58,1039,O
217,-75,1041,O
212,-69,1051,O
210,-59,1052,O
211,-62,1058,O
207,-67,1058,O
207,-80,1056,O
211,-82,1057,O
209,-92,1064,O
210,-104,1069,O
197,-129,1061,O
190,-156,1065,O
166,-139,1045,O
143,-137,1016,O
136,-106,1004,O
118,-99,962,O
95,-115,913,O
65,-139,923,O
54,-151,898,O
54,-169,912,O
46,-195,930,O
62,-188,930,O
61,-153,932,O
54,-120,886,O
57,-101,851,O
38,-91,807,O
29,-96,792,O
33,-61,781,O
8,-95,809,O
4,-144,840,O
-17,-195,895,O
-4,-205,913,O
12,-177,910,O
19,-125,901,O
33,-77,868,O
33,-38,843,O
22,-18,843,O
46,-4,863,O
33,-27,896,O
17,-67,940,O
3,-95,985,O
6,-89,969,O
-3,-51,971,O
15,-8,938,O
10,31,934,O
-4,36,921,O
-25,20,925,O
-38,20,911,O
-48,21,907,O
-51,-6,947,O
-47,-9,984,O
-41,4,995,O
-32,17,966,O
-32,32,956,O
-31,56,919,O
-44,78,864,O
-62,75,867,O
-91,92,865,O
-111,108,866,O
-125,127,855,O
-122,147,841,O
-105,160,868,O
-113,192,861,O
-100,250,880,O
-85,306,887,O
-82,324,862,O
-82,331,843,O
-83,330,877,O
-55,325,903,O
-59,301,938,O
-42,292,975,O
-43,238,1036,O
-44,216,1033,O
-61,236,1040,O
-49,246,1015,O
-40,255,1014,O
-63,262,990,O
-67,253,979,O
-77,222,985,O
-93,208,969,O
-82,205,998,O
-77,186,1036,O
-73,169,1020,O
-67,159,1028,O
-62,147,1045,O
-65,150,1030,O
-61,171,1031,O
-52,189,1016,O
-35,163,1023,O
-44,134,1042,O
-37,79,1059,O
-47,51,1063,O
-39,33,1054,O
-45,39,1037,O
-41,53,1023,O
-32,64,1020,O
18,-32,903,O
29,-41,876,O
23,-52,904,O
29,-82,932,O
37,-96,925,O
32,-124,901,O
17,-152,921,O
22,-170,926,O
16,-134,942,O
27,-98,935,O
26,-61,914,O
29,-30,898,O
40,-15,876,O
53,-5,853,O
59,13,849,O
62,45,831,O
66,89,794,O
85,95,802,O
93,109,823,O
116,125,814,O
113,132,828,O
126,162,835,O
129,185,845,O
125,183,841,O
137,195,866,O
135,197,835,O
144,220,805,O
139,239,789,O
153,286,826,O
167,308,838,O
169,333,848,O
171,307,844,O
167,306,865,O
164,310,860,O
182,303,869,O
196,280,913,O
219,260,916,O
210,268,891,O
207,257,888,O
200,297,895,O
193,349,894,O
193,387,877,O
189,419,869,O
186,440,863,O
212,431,878,O
242,402,881,O
252,356,878,O
234,349,891,O
244,368,915,O
247,392,923,O
254,438,935,O
278,467,918,O
292,474,943,O
298,443,951,O
321,400,968,O
327,343,983,O
334,328,988,O
326,332,992,O
330,307,1022,O
353,292,1042,O
334,318,1044,O
366,349,1038,O
379,379,1003,O
408,378,1026,O
413,328,1077,O
411,281,1079,O
399,255,1054,O
391,253,1041,O
381,275,1020,O
364,298,972,O
373,313,960,O
397,337,963,O
438,342,979,O
440,316,990,O
465,301,981,O
454,264,1006,O
481,258,1034,O
498,218,1100,O
513,185,1118,O
506,140,1129,O
501,141,1124,O
503,157,1089,O
503,170,1107,O
521,181,1135,O
531,157,1123,O
521,142,1110,O
508,153,1080,O
510,151,1064,O
500,144,1079,O
508,163,1047,O
507,174,1015,O
502,161,1039,O
491,133,1011,O
484,115,977,O
467,112,974,O
472,125,962,O
488,97,1004,O
507,88,1067,O
516,76,1085,O
514,77,1084,O
522,67,1101,O
514,86,1078,O
529,117,1026,O
536,116,995,O
548,130,959,O
553,140,940,O
518,135,951,O
497,122,992,O
488,112,1018,O
520,134,1023,O
509,148,1025,O
499,125,1000,O
490,121,978,O
488,111,942,O
472,91,936,O
461,81,966,O
450,62,970,O
435,69,988,O
428,52,1021,O
417,49,1007,O
390,45,1029,O
380,46,1033,O
366,14,1015,O
215,24,993,O
295,-55,990,O
285,-57,971,O
301,-72,1025,O
311,-86,1010,O
311,-110,1041,O
342,-115,1033,O
361,-118,1027,O
385,-105,1043,O
409,-70,1074,O
429,-49,1079,O
426,-48,1109,O
393,-47,1106,O
371,-75,1087,O
320,-106,1070,O
298,-138,1059,O
275,-157,1007,O
260,-148,1006,O
244,-131,1032,O
236,-162,1077,O
244,-187,1073,O
252,-159,1094,O
261,-129,1078,O
259,-113,1060,O
256,-128,1053,O
233,-161,1052,O
182,-180,994,O
161,-128,953,O
127,-88,939,O
135,-86,936,O
101,-97,896,O
102,-105,883,O
92,-126,903,O
73,-102,913,O
87,-108,926,O
108,-117,947,O
95,-130,949,O
87,-121,939,O
91,-117,865,O
83,-97,867,O
68,-90,892,O
67,-81,883,O
49,-79,877,O
61,-118,892,O
64,-155,931,O
56,-151,924,O
65,-131,925,O
70,-102,923,O
81,-71,877,O
71,-54,855,O
50,-57,888,O
45,-56,907,O
29,-53,896,O
21,-108,915,O
22,-168,948,O
19,-186,966,O
3,-171,964,O
2,-123,951,O
-4,-41,890,O
24,36,878,O
23,87,834,O
17,100,798,O
20,69,837,O
4,-56,978,O
-9,-138,1030,O
20,-138,1084,O
69,-30,1033,O
106,79,956,O
119,173,889,O
122,175,854,O
96,158,857,O
81,155,868,O
68,141,861,O
45,101,895,O
33,89,933,O
11,121,920,O
6,196,927,O
16,278,911,O
12,330,851,O
-10,351,861,O
-31,348,855,O
-50,318,890,O
-62,326,927,O
-53,317,948,O
-42,340,974,O
-24,351,968,O
-20,355,932,O
-17,373,909,O
-17,409,927,O
-8,407,927,O
-12,390,924,O
1,343,946,O
-9,287,960,O
-6,276,944,O
5,271,937,O
6,293,933,O
7,316,947,O
40,327,960,O
39,294,983,O
35,250,1022,O
24,217,1039,O
27,200,1039,O
30,194,1017,O
20,209,981,O
26,198,961,O
24,213,994,O
33,175,1009,O
20,163,998,O
29,133,1018,O
17,121,1032,O
22,121,1024,O
16,141,1034,O
30,152,1003,O
26,150,948,O
5,108,960,O
21,122,985,O
23,106,968,O
23,99,964,O
29,62,997,O
32,54,1020,O
38,27,1039,O
31,5,1020,O
41,18,976,O
44,32,1003,O
57,32,1009,O
72,32,1005,O
74,-115,971,O
82,-115,917,O
95,-112,898,O
83,-86,852,O
99,-52,841,O
122,-5,862,O
131,28,862,O
131,41,831,O
125,55,795,O
140,74,815,O
145,82,896,O
176,126,918,O
205,124,870,O
170,131,833,O
187,130,789,O
183,166,782,O
202,208,787,O
222,247,799,O
234,291,812,O
244,322,843,O
267,323,871,O
281,292,898,O
272,269,951,O
279,241,925,O
262,239,892,O
266,261,840,O
287,299,819,O
287,339,825,O
292,373,846,O
303,359,879,O
287,333,903,O
274,312,882,O
251,331,859,O
248,350,879,O
245,378,881,O
256,379,856,O
257,399,839,O
281,412,866,O
303,400,897,O
292,387,891,O
282,373,876,O
265,390,908,O
250,389,902,O
246,393,918,O
265,406,881,O
279,419,862,O
300,438,838,O
313,441,815,O
325,439,772,O
341,453,767,O
372,458,790,O
371,469,799,O
380,456,794,O
395,436,840,O
444,417,857,O
474,381,894,O
492,335,958,O
507,315,971,O
508,292,976,O
515,253,1010,O
513,260,990,O
561,273,953,O
607,293,1024,O
626,309,1049,O
638,292,1015,O
630,254,982,O
619,226,953,O
639,177,922,O
624,189,962,O
648,183,1016,O
658,159,1160,O
668,133,1175,O
649,124,1178,O
632,136,1159,O
616,148,1078,O
609,161,989,O
622,170,961,O
629,177,983,O
622,141,1033,O
609,86,1074,O
599,58,1068,O
597,42,1074,O
609,63,1060,O
596,78,995,O
601,83,1004,O
611,59,1035,O
592,47,1086,O
586,19,1093,O
582,-7,1118,O
573,-32,1125,O
579,-20,1109,O
582,-9,1104,O
584,-10,1090,O
581,26,1101,O
587,49,1091,O
588,69,1060,O
588,72,1040,O
579,83,1033,O
592,62,1018,O
578,42,1021,O
582,20,1001,O
563,31,995,O
565,27,978,O
551,41,980,O
550,74,969,O
562,95,982,O
551,109,988,O
547,106,960,O
529,99,974,O
519,75,991,O
510,59,983,O
488,53,996,O
487,47,1025,O
472,59,1037,O
476,55,1061,O
460,46,1091,O
461,33,1072,O
451,28,1059,O
446,20,1058,O
428,30,1056,O
418,57,1014,O
411,31,1006,O
381,12,985,O
363,-12,983,O
353,-9,991,O
342,4,989,O
336,-8,1019,O
315,-18,1014,O
315,-30,985,O
316,-27,954,O
311,16,929,O
309,-2,953,O
320,-83,1010,O
298,-214,1124,O
262,-277,1162,O
262,-245,1130,O
270,-136,1027,O
291,-70,966,O
280,-53,916,O
257,-98,878,O
229,-161,926,O
207,-205,933,O
202,-219,950,O
199,-202,953,O
205,-204,909,O
189,-184,863,O
161,-151,860,O
174,-124,856,O
147,-140,860,O
141,-133,842,O
115,-175,894,O
105,-210,883,O
93,-230,869,O
94,-218,912,O
106,-180,887,O
93,-147,856,O
82,-119,865,O
70,-116,850,O
48,-133,852,O
27,-151,895,O
19,-156,893,O
14,-154,917,O
17,-128,927,O
14,-104,913,O
14,-71,897,O
6,-48,918,O
-4,-15,889,O
2,-35,905,O
-6,-100,955,O
-24,-145,962,O
-29,-153,959,O
-20,-114,916,O
2,-47,885,O
13,9,865,O
9,22,818,O
3,20,800,O
-7,20,787,O
-37,-30,802,O
-66,-49,823,O
-60,-38,857,O
-51,-1,884,O
-40,66,882,O
-28,123,865,O
-23,163,850,O
-34,156,856,O
-52,141,847,O
-52,124,874,O
-64,117,934,O
-70,134,922,O
-72,170,961,O
-47,245,926,O
-52,316,900,O
-47,363,873,O
-48,393,890,O
-39,419,908,O
-31,410,923,O
-27,380,931,O
-23,373,980,O
-16,371,967,O
5,398,973,O
10,405,975,O
23,404,991,O
34,401,1029,O
34,388,1046,O
39,318,1068,O
47,265,1073,O
41,259,1072,O
36,254,1051,O
38,268,1033,O
36,243,1039,O
18,204,1016,O
-3,157,991,O
4,126,1025,O
13,133,1053,O
10,102,1051,O
-5,89,1061,O
-6,67,1053,O
-14,51,1003,O
-25,65,979,O
-22,54,967,O
-14,29,955,O
-22,9,959,O
-27,-5,959,O
-47,-35,977,O
-35,-71,995,O
-37,-85,999,O
-52,-71,988,O
-35,-54,990,O
-28,-49,993,O
-30,-52,990,O
-22,-77,987,O
-16,-116,981,O
-18,-115,972,O
-11,-123,988,O
-6,-139,991,O
-10,-146,1028,O
-2,-138,983,O
-7,-120,939,O
-4,-104,956,O
7,-76,907,O
-18,-69,914,O
17,5,906,O
16,20,913,O
11,36,911,O
10,47,884,O
44,77,853,O
48,117,815,O
82,158,792,O
106,179,767,O
120,173,741,O
133,177,719,O
140,196,716,O
141,235,739,O
153,262,764,O
180,289,773,O
206,286,777,O
207,259,821,O
212,228,855,O
231,200,833,O
226,201,808,O
219,210,833,O
213,237,866,O
215,265,888,O
210,279,878,O
225,298,907,O
224,303,903,O
231,303,891,O
240,306,892,O
247,295,880,O
257,286,859,O
270,322,867,O
294,362,881,O
312,403,880,O
324,415,865,O
345,428,854,O
351,438,870,O
364,443,870,O
404,437,907,O
394,442,931,O
397,426,906,O
387,405,923,O
394,410,911,O
394,431,903,O
388,468,870,O
389,463,801,O
408,496,756,O
399,497,740,O
428,458,740,O
430,423,814,O
458,341,903,O
482,267,994,O
494,199,1095,O
529,167,1151,O
566,107,1140,O
556,107,1098,O
540,116,1074,O
575,77,1053,O
543,74,1098,O
567,86,1173,O
587,71,1187,O
590,23,1276,O
593,-25,1337,O
596,-15,1294,O
598,18,1279,O
606,11,1278,O
590,20,1215,O
568,63,1207,O
579,96,1140,O
564,97,1069,O
553,126,1064,O
557,125,1119,O
578,115,1120,O
581,114,1134,O
584,102,1078,O
570,112,1053,O
551,94,1061,O
571,126,1033,O
571,122,1034,O
596,115,1040,O
576,71,1036,O
563,40,1077,O
568,48,1121,O
596,72,1098,O
580,78,1112,O
589,88,1051,O
596,60,998,O
583,62,1033,O
584,51,1042,O
575,47,1041,O
570,20,1100,O
576,32,1087,O
588,27,1085,O
585,31,1099,O
579,33,1113,O
581,12,1051,O
556,-33,1042,O
540,-49,1047,O
533,-40,1028,O
522,-44,1039,O
524,-60,1036,O
510,-65,1042,O
512,-83,1057,O
493,-74,1053,O
478,-76,1051,O
477,-116,1058,O
451,-147,1037,O
431,-158,976,O
422,-140,971,O
405,-131,985,O
383,-118,1019,O
391,-122,1019,O
353,-127,1010,O
339,-154,1010,O
318,-166,1029,O
319,-160,1018,O
306,-124,1038,O
310,-104,1015,O
300,-89,977,O
289,-67,979,O
278,-39,995,O
284,-27,971,O
277,-7,962,O
260,-58,1031,O
250,-84,1058,O
248,-111,1059,O
232,-73,1071,O
250,6,1034,O
255,54,979,O
241,71,919,O
212,43,872,O
166,20,862,O
160,-57,905,O
113,-182,1027,O
91,-226,1057,O
112,-194,1015,O
138,-85,939,O
133,-3,876,O
130,17,864,O
120,-1,885,O
102,-35,876,O
77,-56,878,O
66,-93,928,O
70,-111,952,O
61,-117,938,O
63,-126,943,O
46,-90,921,O
43,-53,884,O
28,-15,841,O
10,-20,855,O
10,-30,888,O
-6,-10,915,O
3,-41,925,O
-8,-71,955,O
-19,-93,962,O
-15,-55,952,O
6,16,898,O
18,43,871,O
15,58,835,O
8,35,839,O
9,38,803,O
-8,18,782,O
-10,-5,787,O
-5,-50,805,O
-38,-71,851,O
-19,-78,880,O
-25,-16,863,O
-14,74,834,O
-7,116,834,O
-18,135,830,O
-36,151,857,O
-54,144,837,O
-75,180,858,O
-78,191,881,O
-76,220,916,O
-68,274,891,O
-63,333,881,O
-64,358,890,O
-86,382,899,O
-95,398,899,O
-100,399,882,O
-104,416,900,O
-100,411,893,O
-97,417,916,O
-73,432,931,O
-62,407,971,O
-46,387,1024,O
-52,369,1011,O
-42,368,1035,O
-30,350,1018,O
-42,343,995,O
-38,347,997,O
-34,332,971,O
-45,329,967,O
-46,299,980,O
-62,265,977,O
-57,224,1004,O
-68,221,989,O
-73,196,1012,O
-68,176,1000,O
-60,157,995,O
-67,146,1020,O
-66,128,1020,O
-93,-131,848,O
-92,-135,818,O
-95,-155,795,O
-88,-151,767,O
-88,-141,772,O
-96,-122,765,O
-86,-92,780,O
-55,-88,793,O
-55,-62,802,O
-48,-58,809,O
-49,-47,801,O
-24,-45,794,O
-2,-38,782,O
-8,-10,748,O
4,-6,702,O
0,56,690,O
22,113,728,O
43,166,765,O
59,207,746,O
79,220,750,O
108,209,738,O
149,219,750,O
157,223,728,O
193,242,739,O
204,282,745,O
209,306,740,O
243,354,757,O
269,411,766,O
285,434,775,O
301,441,808,O
323,408,793,O
324,395,799,O
331,405,827,O
348,426,797,O
327,442,758,O
351,484,794,O
371,513,819,O
393,532,884,O
430,538,938,O
475,516,1013,O
496,493,1065,O
497,483,1120,O
493,485,1125,O
488,495,1093,O
474,524,1051,O
485,531,1020,O
496,555,1007,O
528,576,1051,O
549,558,1099,O
548,533,1097,O
535,473,1117,O
537,421,1154,O
549,392,1165,O
534,394,1154,O
549,384,1126,O
525,396,1083,O
523,386,1057,O
539,390,1035,O
545,367,1050,O
559,350,1080,O
555,336,1075,O
578,326,1068,O
563,283,1058,O
569,250,1083,O
558,232,1083,O
555,229,1042,O
540,235,1031,O
545,226,1041,O
551,225,1024,O
555,215,1033,O
543,171,1037,O
534,138,1072,O
525,152,1080,O
519,157,1055,O
511,184,1010,O
519,214,999,O
523,229,976,O
515,223,984,O
515,203,965,O
498,181,1006,O
491,194,1020,O
473,208,1022,O
478,230,1029,O
495,258,1037,O
504,251,1065,O
502,226,1056,O
492,182,1049,O
498,164,1085,O
507,165,1076,O
504,154,1056,O
496,174,1024,O
500,165,1032,O
504,167,1056,O
509,154,1049,O
500,135,1053,O
495,133,1042,O
486,124,1045,O
478,134,1009,O
472,138,1001,O
467,126,982,O
475,129,997,O
476,121,989,O
472,104,1006,O
480,93,1010,O
447,77,978,O
423,73,948,O
420,96,946,O
410,101,914,O
387,104,925,O
348,102,943,O
340,83,917,O
318,66,941,O
298,62,953,O
280,39,987,O
271,10,990,O
273,13,1029,O
277,-3,1048,O
269,-4,1036,O
256,0,1014,O
287,24,1033,O
284,28,1036,O
288,43,1021,O
292,49,1020,O
289,37,1063,O
306,-50,1116,O
293,-81,1137,O
282,-74,1097,O
293,-6,1071,O
299,61,1023,O
280,89,985,O
278,62,959,O
234,64,966,O
214,61,971,O
203,39,934,O
174,-12,945,O
150,-93,1039,O
147,-137,1087,O
146,-125,1070,O
171,-63,1049,O
185,-18,974,O
163,28,905,O
168,65,872,O
164,109,774,O
157,140,767,O
144,80,779,O
135,-80,908,O
68,-160,1054,O
96,-172,1084,O
128,-99,1038,O
174,26,955,O
191,87,905,O
157,94,832,O
127,72,828,O
116,55,813,O
110,48,783,O
97,22,830,O
107,24,859,O
80,22,859,O
76,39,854,O
90,80,845,O
100,102,821,O
86,110,781,O
67,122,791,O
78,99,751,O
38,64,791,O
14,38,832,O
6,7,870,O
-8,-2,909,O
-20,43,904,O
6,107,893,O
10,140,870,O
-5,140,867,O
-35,135,857,O
-53,140,859,O
-67,147,886,O
-60,164,934,O
-52,202,950,O
-41,270,954,O
-16,321,922,O
-8,332,932,O
-2,363,921,O
-5,385,898,O
-26,391,883,O
-27,427,865,O
-18,468,834,O
-14,514,837,O
10,560,855,O
41,561,860,O
57,541,916,O
57,517,919,O
68,481,958,O
67,457,988,O
78,442,985,O
92,408,975,O
93,383,996,O
105,339,1014,O
86,306,1056,O
82,276,1076,O
74,252,1076,O
66,240,1062,O
66,219,1060,O
58,201,1066,O
47,194,1038,O
30,180,983,O
23,185,968,O
20,172,984,O
27,162,982,O
20,119,999,O
10,98,1011,O
5,77,1023,O
-12,61,1039,O
-21,67,1017,O
1,74,993,O
23,-15,803,O
12,-11,823,O
33,-26,799,O
18,-22,792,O
29,-16,794,O
34,-15,813,O
44,11,783,O
83,40,778,O
93,54,763,O
117,86,738,O
137,109,683,O
135,153,654,O
125,201,658,O
162,270,648,O
187,311,623,O
209,388,621,O
241,433,639,O
262,466,652,O
278,469,693,O
285,455,743,O
279,437,795,O
311,419,830,O
292,419,852,O
284,423,904,O
315,448,904,O
341,484,905,O
369,488,932,O
395,489,937,O
403,482,952,O
402,471,973,O
402,474,969,O
402,492,969,O
388,511,919,O
420,513,906,O
451,517,938,O
485,472,1020,O
495,447,1079,O
505,417,1121,O
508,411,1131,O
514,424,1117,O
507,465,1108,O
528,470,1122,O
539,453,1165,O
539,460,1187,O
542,416,1205,O
533,385,1210,O
514,347,1155,O
500,370,1126,O
507,397,1079,O
513,397,1082,O
521,412,1074,O
524,374,1070,O
510,330,1076,O
508,299,1083,O
524,282,1077,O
529,280,1102,O
514,279,1089,O
507,301,1030,O
490,302,968,O
488,316,934,O
492,300,929,O
481,257,956,O
466,216,989,O
474,190,1024,O
465,184,1068,O
482,187,1064,O
487,195,1068,O
487,172,1068,O
486,138,1084,O
468,131,1126,O
473,147,1128,O
466,169,1115,O
472,182,1097,O
479,184,1108,O
477,187,1120,O
499,189,1101,O
491,178,1075,O
470,166,1042,O
449,170,1035,O
453,158,1053,O
453,135,1060,O
470,139,1073,O
459,127,1068,O
460,127,1054,O
457,116,1037,O
450,105,1030,O
421,100,1006,O
420,75,1020,O
422,51,1037,O
405,47,1032,O
398,47,1061,O
382,62,1070,O
377,61,1048,O
364,64,1043,O
354,50,1007,O
352,17,1020,O
337,33,1044,O
325,45,1025,O
326,62,1035,O
326,78,1052,O
334,94,1053,O
323,72,1069,O
309,53,1053,O
301,48,1035,O
290,50,1042,O
300,38,1011,O
282,44,1016,O
257,28,1020,O
264,-8,1051,O
245,-76,1092,O
227,-119,1101,O
206,-147,1147,O
217,-119,1127,O
219,-84,1091,O
203,-71,1005,O
174,-63,952,O
162,-56,916,O
151,-64,892,O
147,-103,892,O
124,-168,953,O
119,-215,998,O
125,-212,999,O
134,-138,967,O
172,-45,909,O
159,12,853,O
156,17,803,O
139,32,773,O
126,18,775,O
125,-21,782,O
78,-133,913,O
69,-202,958,O
86,-185,955,O
88,-101,908,O
117,-2,865,O
117,41,817,O
90,26,791,O
62,-5,758,O
46,-17,746,O
36,-55,833,O
44,-95,915,O
42,-99,947,O
63,-64,945,O
59,20,882,O
67,63,834,O
68,82,810,O
55,48,840,O
40,30,876,O
27,28,878,O
12,18,888,O
15,8,916,O
25,8,927,O
22,44,892,O
30,82,876,O
28,121,855,O
18,117,846,O
-25,92,863,O
-28,72,847,O
-30,63,878,O
-42,38,938,O
-42,50,912,O
-81,99,865,O
-67,169,867,O
-74,228,857,O
-85,271,849,O
-90,292,847,O
-88,302,863,O
-101,322,854,O
-99,355,882,O
-98,390,919,O
-80,423,965,O
-49,479,960,O
-21,509,955,O
7,504,971,O
19,514,991,O
47,495,994,O
52,490,1030,O
73,484,1048,O
90,469,1060,O
90,460,1049,O
96,458,1047,O
112,403,1045,O
99,367,1035,O
77,339,1015,O
62,305,1017,O
46,271,1035,O
30,255,1026,O
26,224,1021,O
21,212,1050,O
21,187,1033,O
9,172,1041,O
2,148,1026,O
-18,141,995,O
-24,126,966,O
-42,109,943,O
-55,96,947,O
-40,73,984,O
-33,48,1031,O
-41,23,1076,O
-21,15,1045,O
-17,30,1035,O
-10,45,1023,O
5,44,1007,O
15,24,1001,O
23,9,1023,O
8,-15,1007,O
24,2,1014,O
16,-7,990,O
31,-6,1016,O
29,14,1006,O
34,12,979,O
37,-6,968,O
24,-14,939,O
26,-28,934,O
12,-54,934,O
-2,-56,892,O
1,-52,864,O
2,-65,821,O
-33,-46,822,O
-30,-39,814,O
-29,-75,808,O
-43,-66,788,O
-20,-25,725,O
-40,3,688,O
-29,65,683,O
-16,82,704,O
5,80,728,O
13,82,778,O
39,46,786,O
67,73,788,O
93,82,789,O
126,77,711,O
91,132,704,O
112,145,704,O
121,210,662,O
149,267,666,O
179,320,658,O
202,311,696,O
226,288,747,O
252,266,808,O
282,225,826,O
284,203,829,O
301,206,857,O
290,251,882,O
320,290,885,O
317,336,863,O
360,378,894,O
395,412,908,O
422,385,995,O
447,334,1008,O
447,288,1017,O
458,288,1014,O
467,285,1037,O
476,323,1048,O
505,362,1046,O
524,383,1046,O
542,371,1038,O
551,326,1094,O
570,263,1144,O
572,232,1155,O
562,266,1160,O
567,302,1120,O
582,329,1054,O
575,349,1029,O
590,281,1045,O
582,192,1114,O
562,102,1163,O
560,61,1191,O
541,87,1217,O
566,145,1200,O
576,180,1207,O
587,209,1222,O
609,191,1170,O
604,201,1108,O
616,230,1107,O
638,201,1130,O
646,170,1123,O
635,162,1160,O
651,145,1192,O
644,127,1188,O
653,129,1171,O
638,143,1151,O
653,112,1153,O
626,112,1134,O
614,92,1083,O
600,79,1099,O
606,102,1092,O
617,96,1087,O
622,70,1142,O
603,70,1129,O
594,46,1110,O
572,36,1123,O
561,39,1116,O
597,51,1085,O
593,32,1090,O
582,24,1083,O
571,10,1120,O
583,0,1097,O
566,19,1090,O
553,12,1110,O
547,11,1100,O
532,12,1072,O
518,13,1035,O
519,17,1028,O
507,9,1023,O
496,22,1036,O
491,19,1028,O
485,23,1015,O
469,17,986,O
435,19,981,O
419,26,965,O
410,10,1008,O
397,-17,997,O
373,-46,1018,O
376,-80,1034,O
377,-114,1097,O
363,-140,1119,O
366,-129,1100,O
353,-128,1099,O
334,-119,1081,O
316,-122,1042,O
290,-135,1042,O
267,-137,1004,O
252,-145,957,O
238,-146,929,O
231,-136,925,O
215,-167,945,O
202,-179,990,O
208,-174,994,O
200,-164,997,O
206,-130,984,O
204,-113,991,O
210,-89,988,O
208,-70,918,O
193,-74,870,O
181,-65,840,O
161,-46,825,O
152,-46,829,O
152,-81,840,O
107,-132,901,O
63,-216,973,O
57,-234,1024,O
81,-189,943,O
78,-133,877,O
71,-110,823,O
44,-69,773,O
39,-68,730,O
34,-64,735,O
20,-101,760,O
5,-181,854,O
-16,-234,949,O
2,-241,999,O
44,-165,976,O
68,-61,898,O
109,9,853,O
101,23,782,O
63,2,749,O
43,5,787,O
64,19,794,O
50,18,789,O
53,-4,861,O
62,13,902,O
64,34,887,O
71,77,870,O
90,102,817,O
76,110,809,O
64,103,803,O
51,96,826,O
37,92,880,O
39,85,889,O
18,105,890,O
30,137,876,O
29,170,887,O
8,194,878,O
14,197,866,O
12,199,887,O
-5,210,931,O
4,205,953,O
-9,251,951,O
-5,296,949,O
-6,346,919,O
-22,394,897,O
-7,444,871,O
4,484,881,O
33,529,875,O
45,541,928,O
62,532,970,O
60,518,1015,O
67,508,1025,O
93,502,1044,O
107,490,1057,O
109,494,1036,O
125,480,1033,O
126,468,1017,O
119,444,1014,O
108,415,1031,O
105,384,1048,O
69,348,1054,O
79,300,1064,O
59,235,1077,O
39,222,1066,O
31,205,1017,O
13,204,986,O
11,206,980,O
13,196,1000,O
5,144,1022,O
-8,126,990,O
-13,104,996,O
-8,76,1003,O
-13,79,980,O
-14,2,842,O
-6,3,872,O
-13,-19,869,O
-7,-35,870,O
-18,-11,819,O
-18,15,790,O
-20,49,783,O
-15,77,751,O
5,72,729,O
-1,66,721,O
30,46,728,O
41,38,757,O
38,41,775,O
55,56,796,O
81,60,814,O
84,96,779,O
95,106,794,O
108,119,757,O
118,144,760,O
132,134,745,O
119,160,726,O
139,201,731,O
163,258,713,O
183,285,715,O
227,325,711,O
245,326,731,O
276,320,743,O
293,319,792,O
322,349,807,O
339,357,808,O
337,395,832,O
353,439,823,O
379,469,815,O
402,501,883,O
425,503,923,O
447,500,939,O
474,487,1000,O
479,504,994,O
492,522,1025,O
497,529,1011,O
502,542,1014,O
524,538,997,O
533,516,1063,O
542,488,1083,O
534,477,1094,O
516,431,1084,O
490,427,1047,O
484,458,1025,O
498,478,994,O
501,476,955,O
511,505,931,O
537,491,915,O
542,470,970,O
559,438,1019,O
578,395,1025,O
576,360,1083,O
595,337,1121,O
601,321,1114,O
615,293,1128,O
632,267,1158,O
623,260,1159,O
633,245,1144,O
640,242,1137,O
625,221,1163,O
618,234,1151,O
627,246,1109,O
623,242,1125,O
625,242,1103,O
629,208,1057,O
636,201,1037,O
616,205,1032,O
608,164,1050,O
616,151,1063,O
598,126,1057,O
588,132,1055,O
565,123,1039,O
557,120,1006,O
531,140,998,O
533,146,969,O
545,144,967,O
539,118,957,O
538,109,962,O
531,91,976,O
525,96,1006,O
526,92,991,O
516,93,995,O
509,107,977,O
503,106,962,O
479,117,940,O
476,120,931,O
458,98,921,O
456,81,948,O
442,76,996,O
449,79,993,O
436,78,1015,O
423,54,1002,O
421,43,985,O
409,50,960,O
381,45,962,O
396,52,1000,O
379,42,999,O
378,14,1025,O
371,-16,1080,O
369,-39,1086,O
375,-76,1135,O
364,-87,1120,O
375,-65,1106,O
384,-28,1090,O
368,-18,1073,O
355,-15,1041,O
336,-14,1041,O
333,-18,1012,O
313,-27,1011,O
287,-81,1053,O
256,-181,1112,O
223,-225,1134,O
216,-259,1109,O
193,-230,1064,O
178,-192,1020,O
171,-164,1006,O
161,-135,966,O
162,-131,919,O
170,-133,889,O
184,-124,869,O
191,-137,885,O
190,-141,881,O
197,-152,900,O
204,-118,904,O
198,-68,862,O
223,-23,816,O
201,-9,808,O
191,1,807,O
171,4,792,O
144,-26,796,O
136,-92,867,O
107,-141,901,O
97,-138,905,O
100,-114,918,O
118,-30,891,O
130,26,856,O
102,45,841,O
92,52,810,O
84,37,829,O
79,29,862,O
78,10,859,O
67,4,898,O
66,1,887,O
56,20,882,O
72,46,865,O
71,101,850,O
68,107,802,O
44,103,809,O
41,100,815,O
32,102,844,O
29,112,833,O
17,128,854,O
-2,146,853,O
-5,199,819,O
-12,251,841,O
-17,295,840,O
-20,316,825,O
-42,326,818,O
-28,326,843,O
-33,335,859,O
-27,340,895,O
-25,362,934,O
-19,404,948,O
0,411,933,O
13,416,950,O
13,421,934,O
27,417,909,O
29,397,905,O
20,407,908,O
26,420,901,O
44,420,908,O
43,407,961,O
57,387,957,O
48,375,982,O
61,354,1046,O
63,317,1076,O
56,263,1109,O
50,243,1141,O
52,221,1120,O
39,240,1080,O
45,250,1073,O
44,247,1085,O
37,137,1007,O
37,110,1010,O
49,108,1012,O
45,91,1033,O
41,94,1010,O
33,89,973,O
26,92,956,O
27,94,915,O
19,89,915,O
45,66,932,O
34,31,990,O
52,16,1015,O
44,-38,1023,O
37,-58,1040,O
38,-49,1052,O
44,-39,1046,O
41,-36,1016,O
66,-56,993,O
62,-75,970,O
67,-73,958,O
79,-78,956,O
76,-96,936,O
72,-112,929,O
75,-130,936,O
57,-140,916,O
52,-114,891,O
33,-92,884,O
17,-68,851,O
10,-54,835,O
10,-17,802,O
-9,-19,824,O
19,-7,805,O
36,-11,826,O
26,-15,814,O
46,13,823,O
28,45,815,O
42,74,810,O
66,135,763,O
83,191,747,O
92,243,737,O
129,263,735,O
140,260,710,O
120,269,679,O
129,294,674,O
132,312,686,O
139,326,699,O
158,357,713,O
179,382,696,O
184,384,721,O
200,398,742,O
210,401,787,O
244,409,805,O
249,403,839,O
270,380,840,O
283,397,856,O
304,400,882,O
305,412,911,O
325,432,927,O
358,449,939,O
393,454,938,O
408,444,928,O
417,432,908,O
442,445,913,O
463,464,899,O
486,469,930,O
510,453,963,O
545,441,991,O
548,425,1070,O
557,387,1117,O
559,374,1096,O
560,353,1104,O
568,343,1119,O
567,326,1111,O
579,329,1092,O
582,294,1093,O
566,260,1115,O
570,242,1111,O
547,222,1085,O
550,230,1075,O
561,234,1060,O
560,225,1058,O
562,195,1069,O
556,166,1102,O
561,119,1121,O
559,99,1098,O
559,90,1091,O
556,103,1080,O
564,91,1066,O
576,104,1087,O
573,115,1064,O
586,123,1112,O
575,98,1119,O
568,81,1108,O
567,66,1073,O
547,96,1043,O
555,123,1027,O
576,145,1012,O
582,169,993,O
582,177,959,O
580,180,986,O
574,190,965,O
577,189,960,O
567,214,946,O
573,212,950,O
582,204,954,O
583,235,938,O
583,234,934,O
567,235,938,O
578,225,938,O
565,205,934,O
562,172,945,O
569,154,981,O
542,139,986,O
545,152,1010,O
541,126,1020,O
528,117,1027,O
523,108,1055,O
542,108,1076,O
574,102,1116,O
550,79,1111,O
563,60,1101,O
561,49,1092,O
556,29,1084,O
553,8,1111,O
530,11,1083,O
520,-11,1061,O
524,-34,1061,O
499,-65,1057,O
480,-73,1066,O
468,-106,1046,O
443,-109,1041,O
430,-105,1012,O
426,-107,1002,O
410,-147,1009,O
375,-182,984,O
372,-214,1002,O
355,-232,1037,O
353,-211,1021,O
334,-183,987,O
329,-159,960,O
336,-136,921,O
324,-115,921,O
315,-120,897,O
303,-170,937,O
285,-224,970,O
273,-237,986,O
280,-214,966,O
281,-155,941,O
274,-100,925,O
257,-66,873,O
255,-63,852,O
220,-39,859,O
216,-54,836,O
189,-100,851,O
187,-142,876,O
179,-151,918,O
171,-140,899,O
187,-90,896,O
202,-13,872,O
214,25,844,O
193,37,870,O
189,32,872,O
170,35,864,O
166,10,898,O
137,-29,919,O
139,-38,909,O
140,-35,945,O
123,3,922,O
135,37,898,O
119,65,895,O
112,66,887,O
102,81,887,O
109,56,894,O
106,17,921,O
92,2,911,O
105,32,877,O
103,89,812,O
113,127,784,O
94,163,794,O
103,178,795,O
93,173,826,O
82,134,854,O
79,128,856,O
69,115,875,O
54,119,834,O
45,119,805,O
41,128,803,O
27,151,804,O
12,172,863,O
17,182,930,O
26,186,928,O
14,194,960,O
22,223,946,O
4,233,932,O
-9,285,893,O
-9,344,880,O
-9,392,893,O
8,396,903,O
12,386,936,O
22,383,975,O
43,392,988,O
49,403,1005,O
68,438,1008,O
69,475,988,O
87,482,977,O
95,491,990,O
106,473,1025,O
131,440,1038,O
119,393,1052,O
124,359,1053,O
116,332,1079,O
114,318,1067,O
116,307,1076,O
106,277,1045,O
81,267,1002,O
74,240,997,O
62,206,1001,O
47,170,990,O
36,133,990,O
31,128,1013,O
21,118,1016,O
8,96,981,O
10,94,976,O
8,86,963,O
8,85,978,O
5,65,960,O
-8,32,981,O
-9,13,973,O
-11,6,985,O
-13,-9,978,O
-3,-3,999,O
78,-62,974,O
73,-73,959,O
54,-73,939,O
41,-58,914,O
36,-51,900,O
18,-31,871,O
25,-17,846,O
30,-36,871,O
30,-58,811,O
1,-50,821,O
9,-81,746,O
-2,-63,756,O
-17,-32,731,O
-7,13,730,O
4,55,729,O
12,81,709,O
25,93,719,O
54,67,720,O
62,48,735,O
88,53,778,O
111,40,789,O
133,55,772,O
166,95,737,O
193,163,768,O
224,243,763,O
248,300,759,O
282,342,766,O
303,357,741,O
304,369,762,O
304,379,757,O
319,375,786,O
346,382,809,O
361,386,846,O
382,400,894,O
401,399,940,O
421,389,963,O
418,390,968,O
439,401,1011,O
442,385,1014,O
454,384,1006,O
458,408,1009,O
459,444,971,O
478,472,962,O
495,455,986,O
512,438,974,O
506,427,983,O
518,393,1009,O
510,385,1052,O
521,379,1088,O
515,366,1077,O
498,355,1041,O
478,337,993,O
464,336,974,O
489,345,944,O
485,342,945,O
500,348,963,O
496,326,986,O
513,313,986,O
520,306,965,O
506,276,958,O
503,266,972,O
525,273,972,O
543,272,974,O
564,257,1029,O
577,214,1058,O
576,190,1095,O
571,156,1108,O
570,159,1103,O
583,181,1111,O
602,197,1081,O
599,215,1056,O
618,205,1061,O
619,180,1078,O
609,182,1074,O
587,179,1027,O
587,163,1026,O
574,176,1010,O
578,196,1006,O
576,225,967,O
603,231,954,O
581,207,998,O
598,194,984,O
592,179,980,O
588,181,977,O
579,182,975,O
575,185,955,O
569,204,931,O
567,174,916,O
556,173,924,O
577,168,956,O
577,141,987,O
568,112,1002,O
582,108,1008,O
584,119,1028,O
581,122,1038,O
579,120,1032,O
570,115,1040,O
558,103,1040,O
561,87,1069,O
551,59,1064,O
544,56,1065,O
541,68,1066,O
548,58,1073,O
552,56,1074,O
562,49,1088,O
551,24,1090,O
539,16,1094,O
532,-8,1126,O
513,-10,1103,O
502,7,1075,O
501,10,1065,O
482,-2,1047,O
449,6,1028,O
415,-2,1026,O
408,-6,1033,O
373,-57,1030,O
354,-62,1018,O
350,-75,1019,O
352,-47,1027,O
353,-31,1019,O
335,-14,1015,O
324,-10,977,O
297,-8,939,O
285,-17,956,O
270,-72,965,O
248,-128,1003,O
224,-166,1038,O
225,-148,1026,O
251,-82,984,O
250,-32,925,O
237,-20,905,O
224,-11,865,O
222,-18,843,O
204,-110,917,O
181,-180,922,O
173,-222,930,O
155,-230,939,O
179,-185,892,O
172,-134,833,O
173,-104,820,O
152,-78,799,O
131,-70,741,O
118,-95,782,O
101,-150,813,O
94,-204,834,O
86,-216,867,O
86,-186,874,O
114,-99,853,O
134,-11,857,O
141,20,837,O
150,36,807,O
141,10,820,O
118,-38,868,O
114,-96,903,O
114,-125,934,O
119,-101,937,O
141,-29,881,O
148,29,835,O
133,53,802,O
104,76,809,O
77,80,847,O
52,90,887,O
34,113,893,O
28,117,895,O
16,164,851,O
18,245,826,O
12,331,795,O
4,387,802,O
3,409,792,O
-24,402,813,O
-15,407,823,O
-16,418,811,O
-6,438,861,O
15,458,873,O
28,496,890,O
54,509,887,O
53,503,940,O
56,461,961,O
68,404,978,O
42,358,984,O
48,343,1005,O
52,330,1037,O
45,317,1039,O
57,295,1035,O
55,280,1063,O
64,232,1077,O
52,189,1083,O
34,169,1088,O
40,132,1083,O
26,118,1048,O
27,105,1036,O
19,120,1045,O
37,104,1031,O
31,72,1030,O
26,50,1013,O
25,39,1019,O
19,17,1025,O
24,-8,1001,O
17,-20,998,O
25,-13,985,O
29,-15,970,O
34,-31,988,O
37,-35,968,O
40,-43,973,O
26,-66,954,O
26,-92,964,O
34,-100,962,O
37,-118,977,O
45,-117,967,O
69,-110,979,O
64,-117,969,O
53,-130,980,O
32,-31,810,O
18,-3,763,O
29,31,762,O
49,48,774,O
57,68,780,O
86,85,784,O
97,75,805,O
107,93,801,O
115,85,765,O
108,78,748,O
127,74,712,O
119,96,676,O
150,112,680,O
170,190,717,O
209,211,800,O
198,216,815,O
199,233,832,O
191,239,845,O
187,240,857,O
194,283,838,O
205,323,849,O
212,364,836,O
219,416,828,O
241,447,852,O
269,444,934,O
267,437,950,O
289,425,997,O
307,409,995,O
311,421,1012,O
327,449,993,O
345,466,969,O
365,505,938,O
357,553,924,O
370,562,890,O
363,574,882,O
378,557,890,O
387,515,960,O
385,486,996,O
396,450,1014,O
387,446,1007,O
403,435,970,O
416,429,957,O
424,426,912,O
441,417,909,O
420,415,929,O
431,397,942,O
426,392,949,O
419,395,980,O
447,375,1013,O
460,374,1003,O
489,382,1000,O
494,356,1020,O
507,330,1023,O
523,307,1060,O
552,286,1105,O
571,280,1187,O
595,265,1208,O
582,261,1195,O
581,284,1175,O
586,302,1164,O
605,311,1105,O
607,306,1079,O
601,266,1078,O
603,245,1084,O
584,223,1097,O
596,203,1088,O
591,210,1074,O
572,210,1062,O
572,209,1085,O
568,202,1068,O
563,182,1087,O
544,167,1099,O
555,138,1111,O
547,87,1125,O
525,100,1131,O
526,107,1100,O
519,129,1064,O
504,148,1034,O
496,140,1006,O
483,115,1021,O
464,88,1046,O
458,97,1040,O
456,91,1050,O
455,107,1073,O
457,101,1028,O
429,115,1023,O
423,104,998,O
412,79,988,O
384,60,975,O
360,51,948,O
368,40,969,O
359,45,963,O
343,31,964,O
361,34,984,O
358,31,992,O
366,-22,998,O
364,-72,1043,O
362,-82,1045,O
365,-76,1061,O
358,-60,1028,O
364,-38,1010,O
376,-12,986,O
370,-9,974,O
369,2,948,O
366,-33,947,O
350,-96,1029,O
337,-151,1078,O
318,-172,1082,O
321,-160,1076,O
317,-113,1048,O
297,-105,1002,O
280,-104,968,O
265,-125,952,O
245,-148,922,O
213,-228,992,O
202,-303,1058,O
180,-331,1061,O
176,-308,1038,O
189,-242,1000,O
190,-169,945,O
193,-137,897,O
173,-135,832,O
158,-112,825,O
155,-141,838,O
146,-189,862,O
150,-298,964,O
169,-338,1030,O
213,-298,1025,O
234,-180,940,O
264,-89,898,O
251,-45,855,O
241,-52,831,O
222,-101,817,O
199,-127,859,O
201,-138,882,O
193,-161,903,O
175,-157,914,O
169,-109,887,O
171,-57,858,O
171,-30,803,O
133,-24,819,O
127,-40,829,O
97,-57,862,O
99,-33,880,O
99,-9,873,O
104,-14,918,O
100,33,908,O
92,53,862,O
78,68,851,O
53,95,882,O
39,126,900,O
21,135,934,O
18,135,951,O
12,170,953,O
9,211,947,O
1,263,944,O
-7,274,939,O
-10,332,915,O
-11,392,903,O
9,420,877,O
19,441,869,O
26,473,860,O
23,479,864,O
25,465,891,O
11,430,869,O
6,430,875,O
19,476,875,O
30,503,892,O
51,492,915,O
52,457,929,O
33,409,937,O
23,369,973,O
-2,323,986,O
-3,290,999,O
3,281,988,O
4,292,1009,O
14,283,987,O
-2,246,1005,O
-5,210,1000,O
-15,181,1017,O
-17,177,1025,O
-13,174,1019,O
-14,152,992,O
-14,129,992,O
-13,115,997,O
-16,141,996,O
-9,149,979,O
1,146,970,O
-7,135,993,O
-9,107,984,O
-6,99,994,O
-10,74,989,O
-3,84,987,O
1,91,1004,O
4,99,1004,O
8,111,995,O
24,90,984,O
22,79,994,O
23,71,991,O
31,43,1028,O
28,15,1028,O
33,-2,1050,O
38,2,1028,O
56,4,1040,O
63,9,1042,O
54,-9,1043,O
50,-30,1031,O
49,-41,1006,O
40,-35,1021,O
-67,44,643,O
-54,3,676,O
-50,-14,691,O
-21,-23,739,O
1,-23,780,O
11,-10,845,O
41,-8,809,O
15,15,830,O
30,49,795,O
48,81,771,O
61,105,756,O
79,141,792,O
118,194,843,O
167,225,869,O
197,246,905,O
217,267,923,O
240,298,936,O
310,320,935,O
321,310,975,O
320,299,966,O
325,267,921,O
318,282,886,O
322,324,904,O
332,360,923,O
331,395,928,O
335,425,883,O
319,412,874,O
349,396,856,O
370,364,860,O
361,344,829,O
377,336,843,O
413,354,903,O
419,347,967,O
429,342,999,O
451,324,1011,O
451,288,1024,O
446,239,1049,O
440,222,1031,O
453,203,1068,O
464,170,1103,O
485,154,1160,O
489,135,1211,O
500,147,1228,O
541,188,1208,O
535,197,1156,O
559,226,1123,O
577,241,1135,O
595,210,1215,O
611,164,1264,O
611,151,1269,O
610,138,1253,O
606,147,1225,O
608,175,1183,O
638,204,1182,O
657,201,1183,O
659,199,1173,O
657,181,1185,O
643,167,1161,O
643,157,1163,O
647,161,1162,O
655,164,1161,O
654,151,1172,O
648,134,1182,O
658,120,1206,O
633,106,1182,O
627,105,1147,O
601,88,1102,O
592,105,1087,O
577,93,1051,O
567,86,1069,O
570,75,1105,O
560,67,1089,O
570,51,1087,O
570,73,1069,O
573,75,1046,O
564,75,1028,O
540,93,1021,O
544,97,1020,O
548,94,1016,O
507,82,993,O
495,59,979,O
497,49,938,O
498,49,963,O
476,24,1005,O
485,1,965,O
459,-30,1015,O
432,-56,1057,O
440,-56,1057,O
431,-62,1040,O
416,-100,1021,O
392,-124,1002,O
379,-156,1017,O
377,-162,990,O
362,-172,1020,O
373,-153,1038,O
363,-169,1059,O
342,-194,1088,O
342,-212,1076,O
350,-186,1053,O
344,-150,1026,O
336,-117,986,O
324,-100,933,O
315,-91,869,O
296,-66,893,O
270,-74,853,O
262,-134,894,O
220,-249,1005,O
197,-313,1078,O
198,-306,1041,O
202,-254,991,O
205,-183,909,O
187,-154,822,O
162,-152,784,O
145,-136,773,O
139,-131,754,O
96,-102,756,O
116,-104,747,O
87,-178,843,O
81,-236,891,O
92,-236,894,O
98,-180,890,O
116,-124,855,O
137,-68,786,O
126,-25,768,O
133,-22,792,O
101,-29,797,O
100,-43,793,O
75,-67,810,O
64,-73,851,O
65,-95,881,O
68,-67,902,O
104,-11,905,O
117,51,849,O
112,65,792,O
103,77,789,O
81,85,774,O
64,79,760,O
40,81,788,O
45,70,808,O
29,68,831,O
13,70,827,O
24,71,826,O
37,93,809,O
28,115,764,O
17,142,748,O
-6,196,767,O
9,237,807,O
-26,236,813,O
-31,240,774,O
-27,266,758,O
-14,295,760,O
6,333,766,O
6,402,809,O
41,455,839,O
41,482,852,O
58,483,871,O
88,477,914,O
129,468,960,O
179,455,990,O
197,464,1008,O
219,485,1032,O
227,526,1022,O
234,555,1066,O
248,551,1082,O
239,542,1077,O
224,524,1095,O
227,514,1078,O
232,511,1068,O
203,492,1041,O
194,485,1048,O
170,468,1032,O
163,444,1039,O
152,402,1050,O
149,370,1054,O
153,307,1068,O
140,287,1079,O
138,255,1060,O
117,234,1046,O
111,221,1043,O
100,225,1015,O
73,223,968,O
69,209,957,O
64,203,934,O
59,185,946,O
58,188,958,O
52,177,965,O
43,142,984,O
48,108,989,O
53,109,999,O
65,106,1002,O
69,112,987,O
69,114,980,O
89,92,1000,O
105,62,1047,O
110,29,955,O
95,19,956,O
88,4,930,O
88,-17,891,O
80,-44,889,O
67,-60,864,O
49,-45,840,O
65,-58,768,O
44,-14,737,O
22,3,726,O
28,34,730,O
22,34,726,O
14,29,726,O
7,26,733,O
19,47,747,O
30,65,709,O
32,51,677,O
37,83,646,O
52,141,613,O
88,216,617,O
108,272,619,O
137,309,644,O
177,320,687,O
189,321,711,O
219,326,725,O
248,306,728,O
266,332,746,O
292,393,770,O
324,437,756,O
344,498,732,O
390,550,703,O
410,605,726,O
432,626,755,O
438,595,785,O
427,542,785,O
423,536,761,O
425,526,775,O
449,536,792,O
460,633,807,O
476,548,822,O
468,535,773,O
444,504,810,O
446,482,841,O
470,445,891,O
506,437,971,O
541,423,1051,O
556,431,1083,O
562,413,1112,O
601,421,1160,O
635,402,1175,O
632,384,1169,O
618,396,1135,O
632,393,1107,O
630,374,1129,O
626,348,1119,O
631,352,1111,O
637,352,1092,O
630,364,1049,O
634,379,1042,O
643,386,1000,O
648,361,989,O
646,304,1027,O
660,249,1046,O
657,241,1018,O
633,226,1049,O
628,222,1010,O
615,201,979,O
652,189,942,O
642,173,958,O
674,149,1014,O
727,123,1109,O
768,97,1133,O
768,53,1186,O
774,71,1243,O
775,110,1253,O
761,105,1200,O
732,119,1175,O
732,118,1094,O
714,95,1053,O
705,90,1080,O
697,74,1108,O
696,30,1104,O
654,29,1150,O
644,40,1127,O
645,55,1096,O
635,72,1026,O
611,90,975,O
602,78,953,O
597,47,968,O
576,21,971,O
567,9,975,O
540,-29,987,O
531,-26,990,O
527,-32,1017,O
542,-18,1030,O
527,12,1010,O
528,-8,991,O
511,-40,958,O
504,-26,947,O
489,-69,953,O
484,-67,976,O
452,-84,981,O
443,-99,997,O
436,-127,1054,O
439,-120,1067,O
454,-115,1075,O
435,-89,1051,O
440,-84,998,O
414,-88,966,O
393,-60,950,O
396,-63,949,O
378,-63,940,O
359,-73,935,O
336,-118,966,O
324,-140,976,O
307,-133,952,O
298,-116,938,O
283,-107,907,O
271,-103,853,O
250,-100,797,O
220,-73,781,O
212,-68,729,O
201,-37,681,O
175,-11,706,O
170,-32,741,O
178,-60,780,O
177,-103,826,O
155,-134,896,O
169,-161,924,O
153,-153,961,O
153,-124,921,O
171,-74,904,O
171,-28,909,O
188,-6,909,O
199,4,917,O
165,22,906,O
135,39,901,O
120,38,932,O
129,16,915,O
127,-2,949,O
137,28,960,O
165,66,939,O
157,110,905,O
157,126,866,O
151,154,845,O
151,176,821,O
165,175,797,O
153,182,814,O
108,159,809,O
102,142,833,O
73,128,843,O
75,154,832,O
58,179,841,O
53,191,839,O
64,226,830,O
39,249,813,O
9,279,808,O
-13,280,803,O
-36,320,829,O
-55,332,821,O
-51,326,839,O
-39,353,854,O
-58,392,854,O
-56,413,863,O
-37,435,889,O
11,444,903,O
21,459,896,O
15,505,887,O
20,499,888,O
47,510,909,O
66,526,914,O
79,534,957,O
95,504,975,O
104,490,970,O
107,452,1000,O
98,418,1006,O
89,377,1008,O
88,344,1015,O
62,300,1032,O
61,286,1069,O
47,266,1071,O
45,253,1052,O
38,241,1018,O
41,217,1007,O
32,218,975,O
36,211,971,O
39,209,964,O
26,210,942,O
29,196,956,O
27,178,960,O
24,169,993,O
34,172,1009,O
37,173,1017,O
50,171,1028,O
55,161,1015,O
46,161,1011,O
28,32,745,O
60,34,755,O
69,37,778,O
112,34,774,O
108,14,791,O
115,19,803,O
151,26,780,O
172,57,787,O
177,100,794,O
205,147,778,O
217,191,778,O
244,229,817,O
252,250,801,O
233,260,811,O
241,268,802,O
259,277,852,O
277,317,870,O
304,349,904,O
305,342,971,O
303,324,988,O
305,278,1030,O
283,232,1026,O
273,223,1012,O
278,265,995,O
302,298,1037,O
321,294,1079,O
330,319,1078,O
354,303,1086,O
360,294,1088,O
360,307,1062,O
371,317,1052,O
394,318,1053,O
404,301,1074,O
420,305,1107,O
430,306,1076,O
415,305,1044,O
429,306,1056,O
446,329,1081,O
468,312,1103,O
471,254,1131,O
468,217,1129,O
461,207,1130,O
478,224,1126,O
493,244,1115,O
490,226,1145,O
509,223,1123,O
510,193,1102,O
499,189,1103,O
499,198,1086,O
503,224,1077,O
526,221,1077,O
529,205,1082,O
526,168,1082,O
536,155,1049,O
521,162,1015,O
514,147,1016,O
527,140,1022,O
538,112,1029,O
545,83,1045,O
548,76,1019,O
542,77,1006,O
563,123,1002,O
561,147,1012,O
566,171,1033,O
588,160,1019,O
610,143,1014,O
612,113,1021,O
599,89,1027,O
601,60,1038,O
609,16,1050,O
598,-1,1078,O
604,0,1061,O
589,5,1119,O
588,53,1121,O
599,36,1107,O
588,7,1093,O
596,-11,1069,O
580,-50,1057,O
542,-78,1068,O
518,-108,1074,O
516,-124,1064,O
489,-100,1051,O
493,-92,1038,O
481,-95,1045,O
488,-111,1027,O
461,-103,1030,O
447,-133,1029,O
414,-137,1030,O
385,-167,1057,O
365,-203,1049,O
343,-215,1014,O
312,-190,975,O
319,-150,922,O
317,-121,921,O
310,-134,872,O
282,-166,900,O
274,-199,948,O
271,-210,953,O
282,-232,1015,O
306,-234,1076,O
320,-224,1118,O
321,-222,1129,O
327,-221,1087,O
314,-188,1025,O
322,-175,1012,O
309,-204,1008,O
299,-208,970,O
289,-207,969,O
268,-240,978,O
258,-260,991,O
249,-300,1017,O
251,-328,1012,O
263,-320,1008,O
272,-295,1000,O
273,-242,955,O
287,-209,895,O
277,-188,855,O
254,-187,846,O
242,-210,820,O
204,-264,844,O
168,-322,812,O
139,-343,872,O
129,-352,881,O
109,-319,843,O
118,-252,818,O
109,-205,769,O
101,-174,766,O
78,-163,754,O
74,-155,766,O
65,-170,791,O
63,-200,813,O
29,-205,843,O
39,-193,804,O
37,-119,796,O
36,-12,801,O
50,63,802,O
27,103,802,O
20,131,787,O
2,165,811,O
5,195,828,O
9,226,879,O
13,265,919,O
17,310,901,O
19,394,907,O
15,440,896,O
19,477,856,O
31,502,831,O
18,505,826,O
21,512,847,O
13,497,849,O
15,473,861,O
20,450,887,O
29,429,949,O
25,390,966,O
33,375,976,O
53,337,967,O
42,333,962,O
49,311,956,O
40,290,966,O
29,261,959,O
13,229,948,O
15,204,955,O
4,171,1014,O
15,145,1046,O
25,135,1021,O
16,126,1029,O
27,121,1034,O
27,104,1026,O
12,108,1021,O
14,80,1042,O
9,77,985,O
13,78,980,O
6,73,996,O
17,69,1027,O
21,60,1038,O
28,56,1047,O
39,50,1070,O
59,34,1064,O
45,5,1051,O
38,-18,1030,O
34,-26,1043,O
32,-42,1038,O
25,-42,1030,O
23,-52,1059,O
27,-65,1046,O
36,-77,1057,O
23,-98,1047,O
31,-112,1047,O
51,-57,922,O
39,-35,917,O
61,-26,879,O
36,15,846,O
56,32,811,O
48,34,791,O
39,49,800,O
26,88,763,O
27,121,767,O
20,121,790,O
10,137,752,O
1,170,735,O
19,166,727,O
1,202,712,O
26,228,699,O
48,235,698,O
61,246,734,O
59,262,753,O
59,279,781,O
92,299,832,O
112,293,886,O
126,268,898,O
142,265,892,O
172,278,890,O
196,294,885,O
213,309,876,O
240,341,854,O
243,377,880,O
235,408,870,O
230,419,885,O
220,415,873,O
236,412,837,O
234,427,825,O
256,402,861,O
242,376,923,O
269,330,947,O
267,317,974,O
263,266,992,O
262,280,922,O
265,317,901,O
298,387,872,O
320,418,896,O
345,432,893,O
363,417,942,O
383,367,995,O
406,323,1048,O
429,269,1102,O
427,258,1109,O
432,244,1112,O
426,243,1115,O
440,265,1096,O
430,289,1058,O
432,311,1026,O
439,311,991,O
444,321,950,O
473,321,948,O
486,285,983,O
497,255,1029,O
515,200,1036,O
507,246,991,O
536,304,1007,O
586,312,1005,O
597,277,1029,O
613,219,1057,O
609,167,1085,O
599,113,1134,O
603,97,1126,O
645,79,1108,O
566,66,1155,O
597,43,1145,O
577,25,1173,O
587,-2,1157,O
577,-8,1160,O
556,13,1152,O
577,14,1156,O
564,35,1128,O
568,25,1074,O
562,14,1057,O
576,31,1071,O
584,47,1090,O
578,57,1103,O
586,70,1126,O
590,68,1058,O
572,65,1022,O
555,50,979,O
544,59,956,O
561,51,915,O
538,40,926,O
531,39,942,O
544,37,972,O
531,13,999,O
529,8,1015,O
514,13,1018,O
488,-16,1028,O
499,-29,1057,O
507,-51,1054,O
494,-79,1060,O
524,-107,1056,O
515,-117,1069,O
516,-112,1079,O
505,-123,1096,O
499,-149,1102,O
488,-159,1107,O
482,-169,1084,O
460,-187,1053,O
454,-218,1045,O
440,-243,1018,O
457,-261,1017,O
444,-273,1059,O
464,-277,1088,O
448,-260,1063,O
429,-242,1071,O
423,-239,1064,O
417,-223,1002,O
405,-229,968,O
382,-202,943,O
372,-172,916,O
377,-147,902,O
335,-167,917,O
309,-247,1005,O
256,-364,1084,O
233,-406,1115,O
248,-384,1104,O
278,-319,1045,O
298,-246,953,O
282,-209,901,O
276,-199,852,O
257,-166,800,O
244,-120,773,O
244,-112,782,O
246,-189,870,O
229,-273,991,O
207,-301,1037,O
240,-284,1008,O
267,-228,957,O
266,-135,893,O
274,-113,852,O
276,-89,791,O
228,-65,790,O
241,-20,779,O
228,2,794,O
203,1,821,O
210,-31,824,O
191,-54,866,O
202,-46,868,O
190,7,795,O
194,45,744,O
155,83,750,O
129,132,718,O
108,127,723,O
65,117,766,O
56,153,771,O
49,208,777,O
10,248,754,O
17,287,739,O
-1,324,737,O
-15,376,750,O
-24,431,772,O
-10,461,798,O
-10,471,805,O
10,477,842,O
10,486,851,O
-1,479,863,O
29,466,896,O
30,452,914,O
59,455,963,O
45,437,956,O
62,418,958,O
63,372,959,O
74,328,994,O
68,298,1028,O
67,248,1021,O
57,205,1028,O
47,199,1029,O
46,197,1014,O
46,197,1005,O
42,184,973,O
38,185,954,O
43,169,975,O
47,135,1011,O
57,113,1030,O
49,87,1039,O
40,79,1047,O
43,80,1018,O
46,65,1018,O
52,59,1021,O
64,38,1020,O
66,15,1019,O
62,-14,1056,O
65,-32,1027,O
85,-74,991,O
79,-77,977,O
90,-73,921,O
79,-40,929,O
92,-27,874,O
101,20,870,O
118,46,828,O
123,72,803,O
134,95,811,O
148,101,796,O
150,98,799,O
143,90,799,O
152,92,787,O
153,93,778,O
163,138,725,O
160,177,733,O
169,237,711,O
203,275,664,O
212,300,655,O
222,326,632,O
238,347,640,O
251,395,668,O
285,439,702,O
293,450,712,O
299,461,709,O
299,462,728,O
308,458,761,O
333,455,800,O
342,449,801,O
348,423,828,O
343,396,842,O
325,395,870,O
337,397,901,O
332,393,918,O
344,380,924,O
353,363,953,O
372,338,1001,O
404,345,986,O
387,339,1016,O
382,319,991,O
376,340,949,O
393,400,924,O
393,454,921,O
420,510,908,O
442,524,914,O
460,506,932,O
493,485,952,O
506,450,986,O
505,414,1005,O
527,410,1012,O
538,423,990,O
533,428,1002,O
545,469,1004,O
555,481,977,O
560,484,951,O
570,461,959,O
594,410,978,O
598,366,1034,O
599,317,1067,O
607,316,1067,O
603,326,1057,O
605,312,1026,O
598,316,955,O
611,310,978,O
602,306,976,O
624,289,950,O
615,274,964,O
628,266,969,O
617,253,952,O
628,223,927,O
625,196,962,O
643,188,964,O
649,174,967,O
643,171,959,O
647,176,973,O
635,188,960,O
644,176,945,O
634,160,932,O
644,186,917,O
648,163,904,O
646,164,898,O
658,152,911,O
661,146,931,O
657,153,941,O
656,146,945,O
673,145,944,O
657,135,945,O
652,155,925,O
668,145,921,O
669,144,923,O
644,118,900,O
638,103,920,O
636,112,942,O
651,142,931,O
655,151,921,O
656,142,940,O
670,120,958,O
660,103,997,O
662,68,992,O
655,68,996,O
643,65,985,O
635,71,959,O
642,84,971,O
625,96,983,O
665,82,984,O
635,77,977,O
622,71,975,O
623,43,985,O
598,31,990,O
586,10,962,O
580,-17,965,O
535,-14,928,O
516,-13,894,O
512,-3,883,O
489,-10,885,O
486,0,876,O
473,-16,890,O
451,-38,913,O
455,-47,946,O
433,-29,971,O
431,2,995,O
417,22,993,O
409,32,988,O
401,21,1017,O
390,-5,1016,O
380,-21,1010,O
359,-40,1043,O
383,-42,1043,O
363,-54,1092,O
398,-61,1081,O
412,-47,1082,O
398,-31,1140,O
403,-11,1100,O
409,-14,1031,O
391,8,1033,O
411,15,985,O
418,6,979,O
364,-23,1041,O
357,-69,1062,O
334,-97,1038,O
308,-101,1010,O
283,-45,963,O
308,-7,898,O
228,-16,852,O
241,-25,804,O
203,-33,760,O
204,-34,745,O
216,-80,795,O
180,-202,905,O
173,-224,971,O
170,-203,958,O
198,-117,942,O
213,-42,821,O
201,-34,738,O
166,-24,721,O
153,-31,734,O
144,-18,737,O
125,-27,807,O
145,-45,849,O
158,-40,880,O
145,-29,918,O
168,13,886,O
177,76,872,O
197,117,855,O
182,130,809,O
183,113,833,O
173,94,861,O
160,70,873,O
157,61,909,O
138,51,911,O
148,62,889,O
128,73,872,O
144,110,884,O
142,142,887,O
127,153,874,O
130,134,894,O
118,120,905,O
96,126,887,O
84,138,903,O
93,165,911,O
81,211,908,O
74,272,859,O
72,339,827,O
63,359,765,O
42,385,768,O
30,421,784,O
38,473,770,O
27,532,793,O
59,523,814,O
58,555,830,O
60,526,882,O
92,493,930,O
76,497,968,O
79,472,967,O
95,465,991,O
73,449,1007,O
83,421,1083,O
80,393,1060,O
67,330,1061,O
53,278,1057,O
29,240,1040,O
24,213,1039,O
16,199,1045,O
14,187,1057,O
9,180,1050,O
5,185,1029,O
7,161,1023,O
3,122,1028,O
12,97,1001,O
-10,78,1023,O
-4,78,1003,O
4,71,1013,O
9,68,1011,O
6,62,1001,O
17,35,1000,O
35,24,1019,O
39,5,1007,O
44,22,1020,O
50,17,1025,O
53,0,995,O
43,-22,961,O
29,-48,972,O
34,-61,968,O
38,-61,947,O
43,-28,965,O
53,-29,972,O
46,-43,932,O
47,-59,937,O
33,-59,978,O
51,47,821,O
86,68,824,O
90,63,828,O
102,69,818,O
103,63,816,O
120,72,818,O
130,81,798,O
112,140,778,O
129,200,753,O
152,242,740,O
131,279,775,O
151,280,733,O
165,281,748,O
162,272,779,O
185,263,748,O
197,277,735,O
173,310,737,O
178,322,738,O
185,334,726,O
195,352,798,O
221,360,820,O
246,351,827,O
253,347,872,O
279,340,938,O
336,324,917,O
358,296,943,O
329,320,952,O
377,342,927,O
358,415,905,O
361,482,838,O
378,520,804,O
373,526,813,O
378,508,846,O
382,489,873,O
373,482,904,O
394,485,919,O
394,484,887,O
397,519,850,O
407,545,781,O
423,582,741,O
441,618,787,O
440,614,824,O
464,570,852,O
472,510,879,O
481,470,907,O
474,457,919,O
493,461,933,O
502,456,880,O
518,465,806,O
546,464,803,O
564,435,832,O
577,409,903,O
579,352,930,O
587,368,983,O
580,389,1067,O
639,400,1040,O
623,346,1055,O
606,264,1034,O
623,229,1040,O
619,210,1058,O
622,217,1093,O
657,191,1100,O
647,200,1129,O
649,204,1120,O
673,210,1091,O
664,213,1063,O
691,219,1072,O
709,209,1110,O
720,183,1122,O
721,175,1140,O
721,178,1106,O
711,188,1083,O
728,219,1078,O
738,215,1080,O
733,211,1058,O
729,202,1050,O
705,165,1056,O
703,149,1092,O
704,150,1070,O
714,150,1110,O
709,160,1073,O
692,158,1077,O
667,166,1049,O
643,181,1023,O
640,199,976,O
640,194,990,O
627,182,983,O
639,176,981,O
599,174,988,O
616,151,1002,O
600,138,985,O
577,120,995,O
580,94,1007,O
566,86,1007,O
550,76,1009,O
560,57,1013,O
568,4,1016,O
528,-35,1021,O
538,-86,1051,O
540,-99,1086,O
518,-129,1067,O
488,-158,1058,O
463,-179,1065,O
446,-165,1031,O
422,-153,1025,O
410,-159,1028,O
407,-160,1009,O
389,-184,993,O
364,-194,987,O
362,-191,981,O
353,-168,955,O
355,-129,922,O
355,-110,907,O
347,-103,877,O
326,-122,855,O
302,-129,851,O
267,-144,845,O
256,-184,857,O
232,-198,909,O
211,-196,902,O
208,-155,892,O
195,-110,864,O
191,-85,849,O
175,-73,837,O
157,-92,793,O
145,-145,830,O
141,-190,907,O
135,-207,957,O
139,-195,973,O
136,-133,943,O
157,-47,923,O
162,-20,895,O
157,-17,893,O
165,-51,890,O
136,-91,891,O
130,-132,872,O
127,-112,915,O
124,-105,928,O
109,-79,888,O
79,-43,862,O
75,-1,792,O
65,9,778,O
33,-19,747,O
10,-46,760,O
-1,-75,807,O
5,-87,835,O
20,-76,851,O
0,-6,815,O
4,51,805,O
-7,114,761,O
-19,164,770,O
-14,173,785,O
-21,151,816,O
-28,169,862,O
-24,175,902,O
-18,215,885,O
-5,301,877,O
-17,388,862,O
-9,464,841,O
-7,488,850,O
-8,487,858,O
-30,454,878,O
-7,447,923,O
7,463,918,O
21,487,902,O
26,506,908,O
41,510,929,O
60,485,962,O
64,443,980,O
61,387,1000,O
70,326,1047,O
66,277,1072,O
67,269,1082,O
71,276,1047,O
65,285,1025,O
47,270,1028,O
50,232,1033,O
54,204,1066,O
53,174,1043,O
58,122,1095,O
40,75,1102,O
25,54,1079,O
15,72,1050,O
15,87,1017,O
-10,104,1000,O
-9,109,967,O
-9,99,971,O
-8,64,974,O
-22,21,1005,O
-6,-5,1026,O
-2,-25,1033,O
13,-18,1000,O
16,19,973,O
15,31,957,O
20,22,937,O
25,-3,942,O
13,-22,931,O
30,-52,946,O
32,-78,974,O
49,-6,928,O
40,2,918,O
48,-15,888,O
36,-35,876,O
41,-53,892,O
43,-70,897,O
46,-71,892,O
46,-71,880,O
44,-54,876,O
47,-5,867,O
51,17,860,O
58,30,818,O
53,53,814,O
57,75,783,O
63,90,772,O
69,114,767,O
89,160,783,O
114,209,788,O
109,241,766,O
129,286,710,O
127,299,676,O
137,298,669,O
143,317,657,O
145,357,669,O
157,373,699,O
160,387,708,O
176,403,776,O
204,385,790,O
211,351,802,O
226,342,814,O
234,328,807,O
233,323,765,O
251,352,812,O
241,369,802,O
249,393,826,O
273,385,842,O
300,399,862,O
308,395,931,O
362,377,956,O
367,335,940,O
363,328,936,O
373,353,942,O
416,422,990,O
441,478,1040,O
445,501,1046,O
484,488,1066,O
486,481,1061,O
506,466,1098,O
528,452,1092,O
537,468,1041,O
542,479,1037,O
546,524,1019,O
549,539,1005,O
555,527,997,O
524,520,967,O
531,502,914,O
545,499,895,O
556,463,876,O
565,432,872,O
597,416,891,O
599,402,912,O
607,420,871,O
618,443,859,O
614,443,867,O
657,411,883,O
669,333,957,O
665,257,1002,O
657,212,995,O
644,195,1077,O
653,227,1079,O
658,232,1068,O
672,246,1054,O
671,237,1057,O
669,196,1051,O
654,159,1044,O
661,171,1059,O
655,161,1072,O
670,173,1099,O
653,205,1116,O
675,192,1107,O
674,172,1070,O
658,178,1045,O
660,166,1026,O
674,193,1041,O
684,182,1032,O
662,169,1040,O
656,137,1067,O
654,123,1090,O
638,150,1064,O
633,161,1052,O
641,169,1047,O
640,174,1002,O
619,147,996,O
611,108,1020,O
616,66,1027,O
581,32,1060,O
589,24,1059,O
573,14,1084,O
566,17,1078,O
552,17,1049,O
540,-13,1052,O
512,-28,1037,O
515,-44,1015,O
489,-77,1042,O
494,-101,1074,O
470,-110,1071,O
477,-86,1107,O
481,-90,1097,O
467,-74,1051,O
449,-82,1036,O
410,-90,1047,O
392,-113,1022,O
362,-124,986,O
322,-122,991,O
323,-114,978,O
273,-137,1015,O
274,-173,1029,O
270,-182,1032,O
256,-193,1029,O
271,-166,998,O
254,-129,966,O
250,-97,947,O
293,-80,901,O
252,-81,915,O
239,-99,915,O
214,-162,984,O
181,-183,1017,O
195,-171,969,O
190,-114,916,O
175,-54,855,O
173,-74,803,O
130,-94,832,O
109,-99,820,O
112,-101,762,O
112,-143,800,O
-555,166,894,O
85,-217,889,O
66,-182,838,O
83,-86,823,O
92,-27,780,O
96,1,759,O
68,-1,792,O
60,-14,782,O
48,-37,765,O
29,-65,772,O
16,-107,826,O
16,-109,793,O
16,-57,761,O
28,40,769,O
50,90,741,O
32,114,776,O
41,104,772,O
29,98,786,O
29,93,809,O
30,97,822,O
33,93,831,O
104,635,936,O
117,629,952,O
125,598,969,O
135,536,1020,O
140,499,1031,O
139,460,1049,O
130,421,1042,O
136,388,1045,O
127,358,1056,O
107,354,1055,O
94,332,1011,O
71,299,993,O
47,241,987,O
34,208,988,O
40,161,992,O
25,152,967,O
18,113,1018,O
13,88,1031,O
16,95,1007,O
29,110,967,O
40,97,970,O
37,75,940,O
51,25,996,O
50,-33,999,O
41,-62,1008,O
60,-92,1000,O
60,-96,1002,O
63,-82,975,O
65,-81,938,O
54,-87,935,O
40,-99,912,O
46,-127,892,O
21,-126,956,O
33,-123,940,O
29,-95,927,O
22,-79,925,O
17,-47,891,O
-4,-14,830,O
11,24,782,O
6,26,746,O
25,36,722,O
25,44,703,O
31,71,706,O
54,107,728,O
61,116,737,O
71,146,747,O
64,141,754,O
65,139,759,O
79,138,748,O
70,149,762,O
88,153,788,O
121,162,801,O
128,174,870,O
163,160,910,O
173,144,930,O
205,158,925,O
223,181,916,O
235,217,928,O
249,255,942,O
267,292,974,O
298,302,932,O
297,298,865,O
289,291,893,O
290,324,944,O
328,338,953,O
342,380,956,O
367,396,898,O
374,404,873,O
381,428,890,O
400,442,932,O
400,452,950,O
400,453,917,O
388,442,856,O
394,436,900,O
401,474,899,O
428,485,915,O
427,443,947,O
451,404,922,O
465,369,964,O
475,364,980,O
494,388,1026,O
502,403,1009,O
497,408,976,O
483,429,950,O
489,434,931,O
504,427,934,O
527,408,975,O
529,393,1014,O
531,337,1039,O
522,262,1061,O
520,237,1063,O
530,249,1065,O
539,235,1056,O
552,256,1031,O
545,268,1016,O
557,249,1028,O
564,242,991,O
555,254,961,O
562,249,981,O
575,214,969,O
569,183,992,O
564,146,1016,O
573,120,1012,O
579,115,1002,O
589,91,1029,O
602,74,1067,O
599,68,1060,O
593,55,1064,O
574,52,1020,O
552,57,991,O
542,83,954,O
551,117,954,O
571,116,939,O
563,80,994,O
562,45,1000,O
548,-11,1020,O
524,-9,993,O
523,13,998,O
523,58,963,O
519,107,908,O
525,110,890,O
532,94,913,O
524,84,954,O
529,83,1002,O
533,76,1028,O
530,60,998,O
527,30,989,O
530,26,1014,O
535,11,1012,O
544,51,1041,O
551,64,1018,O
553,70,1037,O
548,73,1037,O
553,71,1020,O
553,71,1004,O
540,85,1004,O
547,95,960,O
529,83,982,O
540,85,990,O
538,84,1026,O
530,84,1018,O
529,97,1012,O
511,99,986,O
527,112,964,O
527,126,948,O
512,139,956,O
510,115,953,O
472,98,968,O
478,73,979,O
475,45,1017,O
468,-25,1070,O
471,-91,1146,O
479,-87,1171,O
476,-68,1161,O
476,-45,1144,O
475,-32,1114,O
455,-23,1059,O
422,-40,1038,O
407,-38,1038,O
389,-58,1046,O
369,-117,1037,O
343,-156,1060,O
330,-104,1034,O
342,-31,1003,O
347,26,983,O
335,27,966,O
317,30,908,O
309,24,906,O
303,44,877,O
291,15,922,O
297,-35,960,O
271,-77,988,O
259,-80,1027,O
248,-47,996,O
252,-15,941,O
224,3,878,O
187,23,845,O
185,40,795,O
162,16,785,O
133,-61,839,O
115,-147,913,O
116,-191,954,O
115,-162,985,O
138,-90,948,O
145,-12,856,O
148,10,826,O
138,17,807,O
123,25,794,O
106,-5,803,O
106,-32,825,O
105,-55,862,O
88,-89,896,O
107,-75,917,O
111,7,871,O
109,71,818,O
107,117,804,O
115,121,785,O
79,94,787,O
88,56,801,O
54,35,819,O
33,-8,850,O
24,-4,843,O
15,43,814,O
3,139,854,O
6,226,854,O
-15,238,851,O
-12,253,862,O
-32,273,890,O
-48,300,887,O
-56,354,873,O
-64,416,844,O
-62,477,838,O
-12,550,817,O
7,595,845,O
32,613,877,O
58,568,934,O
54,503,973,O
49,454,995,O
55,408,1017,O
61,390,1008,O
74,402,987,O
60,383,989,O
50,345,969,O
25,291,958,O
16,237,985,O
4,184,1022,O
4,141,1030,O
-3,93,1062,O
-6,74,1061,O
-8,92,1066,O
9,110,1040,O
11,118,1007,O
38,101,1040,O
49,57,1053,O
40,15,1074,O
33,4,1050,O
49,11,1057,O
34,9,1027,O
41,-1,1054,O
45,-9,1029,O
42,-8,1004,O
27,-18,992,O
41,-38,1006,O
34,-51,978,O
19,-93,965,O
24,-9,865,O
49,10,823,O
37,42,792,O
52,67,762,O
60,90,759,O
59,117,747,O
77,115,758,O
82,135,763,O
88,126,762,O
88,137,759,O
95,161,738,O
101,203,708,O
122,239,705,O
135,278,682,O
151,287,695,O
180,280,742,O
198,269,818,O
205,252,870,O
205,241,901,O
218,261,881,O
226,306,882,O
251,367,839,O
256,416,824,O
277,449,824,O
307,420,792,O
304,416,807,O
297,398,829,O
307,391,823,O
312,411,859,O
326,436,875,O
340,451,863,O
343,482,855,O
355,507,827,O
363,508,839,O
356,511,842,O
380,488,833,O
375,461,839,O
416,439,825,O
412,415,840,O
407,428,885,O
446,437,908,O
433,436,986,O
450,453,983,O
454,435,1001,O
448,441,1007,O
481,424,991,O
512,388,1032,O
488,344,1089,O
493,313,1082,O
488,333,1076,O
485,345,1066,O
472,388,1019,O
486,413,998,O
496,419,1008,O
495,418,986,O
496,396,959,O
505,394,909,O
511,395,894,O
533,386,900,O
553,373,947,O
576,356,1028,O
581,315,1068,O
592,284,1050,O
595,306,1028,O
610,289,1041,O
607,330,986,O
619,338,920,O
621,327,911,O
623,297,949,O
634,262,974,O
637,225,1012,O
622,198,1037,O
609,191,1022,O
621,193,1016,O
628,194,1027,O
643,192,1014,O
625,177,1022,O
618,133,1031,O
619,129,1025,O
617,138,1036,O
615,144,1053,O
618,163,1036,O
613,166,1048,O
609,177,1021,O
609,188,985,O
602,189,980,O
599,176,957,O
581,177,939,O
579,179,939,O
588,153,963,O
593,132,952,O
575,110,964,O
556,102,982,O
559,124,959,O
559,153,944,O
564,151,945,O
558,155,954,O
569,139,931,O
546,141,943,O
558,118,970,O
552,77,976,O
525,64,980,O
518,56,972,O
508,55,988,O
518,47,989,O
498,28,1021,O
513,-9,1022,O
501,-30,1048,O
506,-57,1087,O
506,-69,1138,O
490,-79,1146,O
470,-70,1146,O
465,-54,1138,O
459,-34,1087,O
438,-17,991,O
409,-39,984,O
379,-52,1030,O
398,-27,1004,O
395,-37,996,O
400,-46,1010,O
385,-65,1063,O
384,-88,1066,O
371,-68,1034,O
379,-46,983,O
369,-11,954,O
366,9,933,O
348,3,888,O
320,-19,941,O
310,-57,964,O
291,-136,1017,O
265,-229,1061,O
227,-247,1061,O
237,-216,976,O
225,-161,915,O
224,-111,839,O
188,-103,791,O
160,-108,795,O
128,-147,842,O
130,-172,857,O
116,-219,904,O
114,-224,921,O
118,-223,888,O
133,-173,849,O
140,-137,819,O
119,-129,778,O
108,-117,766,O
92,-131,800,O
77,-118,824,O
87,-113,858,O
80,-127,888,O
81,-165,905,O
89,-162,877,O
95,-104,852,O
103,-49,817,O
97,-10,840,O
100,8,836,O
80,-4,856,O
78,-11,857,O
75,-17,867,O
96,-47,928,O
67,-66,974,O
76,-18,934,O
92,46,905,O
62,88,903,O
63,146,863,O
57,182,913,O
50,195,918,O
50,204,915,O
32,231,912,O
16,314,918,O
23,387,883,O
8,465,884,O
4,522,860,O
7,545,839,O
16,537,857,O
24,506,903,O
25,503,894,O
26,473,929,O
22,449,965,O
37,453,956,O
39,462,968,O
54,445,955,O
54,436,924,O
50,406,919,O
40,366,963,O
36,316,991,O
45,310,965,O
38,270,987,O
25,239,1027,O
6,185,1051,O
11,168,1047,O
1,157,1038,O
-17,175,1000,O
-10,183,967,O
-20,173,969,O
-12,155,982,O
-11,126,1006,O
4,126,1019,O
-3,102,1017,O
-10,81,1022,O
-12,84,994,O
-13,115,993,O
-4,147,946,O
-6,172,905,O
-6,184,917,O
14,180,950,O
-8,152,955,O
8,122,970,O
12,117,982,O
13,120,990,O
8,128,997,O
5,122,989,O
4,140,981,O
-1,148,965,O
1,150,977,O
10,148,996,O
16,150,996,O
17,136,1016,O
26,127,1029,O
29,146,1001,O
42,178,976,O
38,203,963,O
40,199,953,O
51,187,945,O
51,162,993,O
50,143,1018,O
57,159,1016,O
64,144,1053,O
56,119,1073,O
51,113,1073,O
48,103,1049,O
