X,Y,Z,Label
16,-145,993,0
14,-159,1000,0
21,-153,998,0
32,-147,999,0
44,-137,994,0
59,-130,1008,0
59,-117,1002,0
65,-120,986,0
61,-118,961,0
79,-126,929,0
58,-118,925,0
67,-124,940,0
66,-110,914,0
69,-90,902,0
68,-100,916,0
75,-78,926,0
81,-70,932,0
74,-76,932,0
79,-73,918,0
75,-84,919,0
86,-93,913,0
91,-83,926,0
96,-81,946,0
108,-64,938,0
99,-65,930,0
106,-56,926,0
101,-54,926,0
105,-54,927,0
102,-60,947,0
109,-53,952,0
103,-49,938,0
104,-47,942,0
98,-28,923,0
98,5,928,0
117,27,967,0
117,26,968,0
126,11,952,0
127,1,946,0
133,10,921,0
138,39,931,0
151,76,958,0
165,84,965,0
176,97,937,0
187,91,955,0
187,69,953,0
159,72,951,0
159,81,949,0
156,84,922,0
151,91,940,0
164,109,942,0
164,94,939,0
153,99,931,0
159,92,945,0
179,79,944,0
189,70,925,0
195,56,907,0
192,61,896,0
193,56,891,0
193,62,837,0
167,64,804,0
177,64,781,0
157,83,795,0
158,108,802,0
178,133,814,0
200,128,826,0
201,145,787,0
227,153,788,0
238,165,784,0
251,193,833,0
270,228,832,0
289,251,834,0
298,288,818,0
298,331,825,0
337,331,834,0
358,339,855,0
406,356,876,0
426,378,906,0
440,419,954,0
466,453,942,0
478,485,937,0
483,495,863,0
486,498,826,0
494,497,810,0
516,480,861,0
523,424,933,0
533,385,1011,0
533,350,1072,0
527,317,1098,0
502,305,1056,0
510,303,1023,0
507,313,949,0
524,335,919,0
545,341,954,0
573,324,995,0
592,296,1058,0
601,268,1137,0
602,224,1122,0
580,229,1104,0
582,196,1078,0
575,193,1015,0
589,222,966,0
630,229,948,0
632,220,966,0
632,202,1021,0
647,168,1057,0
630,131,1085,0
599,123,1079,0
600,99,1049,0
605,116,1015,0
598,140,983,0
608,151,974,0
601,155,947,0
618,167,970,0
621,160,1031,0
635,146,1044,0
650,125,1088,0
638,115,1119,0
653,109,1130,0
669,110,1126,0
678,127,1096,0
680,152,1087,0
685,168,1068,0
691,180,1031,0
664,173,1018,0
658,145,995,0
641,146,1015,0
638,144,968,0
627,115,974,0
603,93,956,0
592,49,966,0
566,35,1020,0
548,17,1017,0
541,18,1009,0
523,7,1035,0
509,-12,1053,0
519,-25,1024,0
485,-48,1027,0
480,-65,1032,0
496,-75,994,0
471,-73,1025,0
480,-76,1045,0
472,-72,1047,0
471,-65,1039,0
469,-57,1006,0
460,-69,985,0
459,-67,981,0
474,-62,1007,0
482,-88,1051,0
466,-100,1051,0
473,-95,1064,0
475,-100,1069,0
453,-70,1074,0
450,-31,1082,0
451,-14,1074,0
435,-23,1028,0
401,-84,1041,0
372,-96,1018,0
360,-108,1018,0
333,-111,1027,0
329,-103,1009,0
307,-77,942,0
287,-61,910,0
279,-57,911,0
271,-47,913,0
263,-37,874,0
263,-40,866,0
237,-45,844,0
227,-67,854,0
218,-69,825,0
216,-65,798,0
199,-39,784,0
194,-26,759,0
185,-8,717,0
175,-34,743,0
156,-54,762,0
164,-67,741,0
153,-83,774,0
148,-92,817,0
141,-70,793,0
139,-56,779,0
150,-43,787,0
140,-28,785,0
128,-6,789,0
132,4,808,0
137,-13,861,0
129,-27,884,0
128,-62,929,0
120,-94,953,0
127,-86,949,0
134,-62,934,0
145,-14,924,0
167,17,920,0
152,22,916,0
134,26,905,0
106,14,887,0
104,17,895,0
115,6,915,0
106,36,913,0
108,76,909,0
96,123,932,0
102,157,913,0
86,190,861,0
70,213,852,0
71,248,838,0
74,252,870,0
63,258,880,0
69,277,881,0
60,300,912,0
61,333,918,0
77,359,906,0
98,378,927,0
108,374,931,0
107,361,939,0
100,353,960,0
93,355,966,0
79,362,998,0
66,339,1026,0
54,348,1007,0
52,348,974,0
60,350,963,0
57,341,975,0
62,331,977,0
57,298,1000,0
53,291,1007,0
57,265,1023,0
68,246,1039,0
75,217,1047,0
81,199,1056,0
67,202,1039,0
70,186,1032,0
78,183,1017,0
74,162,1023,0
57,147,1020,0
53,123,1004,0
40,108,990,0
44,113,986,0
42,104,994,0
43,106,1008,0
50,94,994,0
40,85,986,0
39,84,981,0
41,84,979,0
44,89,978,0
56,57,991,0
59,37,1013,0
62,47,1009,0
58,55,1003,0
64,59,1009,0
65,59,1017,0
33,-150,1051,0
34,-165,1021,0
18,-169,1001,0
23,-169,994,0
35,-190,968,0
18,-173,953,0
17,-175,931,0
33,-194,934,0
42,-194,917,0
55,-197,914,0
46,-175,898,0
64,-169,864,0
58,-149,808,0
58,-106,796,0
49,-79,776,0
62,-38,801,0
70,0,834,0
85,26,835,0
96,27,812,0
95,26,828,0
122,28,793,0
128,39,798,0
136,63,795,0
139,83,778,0
150,102,802,0
155,106,810,0
160,117,816,0
173,131,801,0
186,137,801,0
201,127,789,0
209,139,806,0
211,145,795,0
215,161,792,0
200,189,787,0
210,227,807,0
220,260,787,0
230,269,790,0
241,295,781,0
247,317,759,0
247,343,751,0
242,384,727,0
254,422,749,0
275,439,739,0
307,449,738,0
341,468,759,0
383,465,818,0
401,427,883,0
396,391,943,0
391,381,971,0
390,381,989,0
405,394,990,0
398,441,959,0
423,483,922,0
452,493,918,0
476,499,925,0
502,479,937,0
492,465,932,0
485,454,973,0
478,470,1006,0
488,475,1005,0
492,484,1008,0
518,476,1021,0
534,461,1043,0
539,444,1084,0
550,413,1108,0
585,371,1074,0
547,368,1060,0
534,360,1063,0
535,353,1045,0
542,346,1092,0
546,327,1108,0
555,309,1113,0
547,307,1073,0
553,306,1063,0
569,277,1070,0
548,252,1079,0
551,205,1046,0
541,203,976,0
499,206,933,0
501,210,912,0
500,187,892,0
479,190,855,0
484,197,845,0
510,187,859,0
508,168,932,0
514,141,971,0
512,131,975,0
525,110,945,0
510,98,958,0
502,82,980,0
519,81,1012,0
529,81,1005,0
534,76,1026,0
522,82,1027,0
514,88,1014,0
524,101,1028,0
518,102,1032,0
522,95,1020,0
524,83,1047,0
500,56,1063,0
504,51,1022,0
504,81,985,0
501,98,971,0
520,98,977,0
524,84,1010,0
527,83,1028,0
537,66,1041,0
552,40,1038,0
537,44,1074,0
547,25,1094,0
557,22,1078,0
544,35,1066,0
545,52,1066,0
539,53,1084,0
516,50,1090,0
531,23,1080,0
521,-10,1073,0
506,-5,1083,0
491,-4,1102,0
483,-27,1088,0
467,-27,1088,0
451,-16,1092,0
458,-26,1095,0
442,-40,1146,0
435,-25,1116,0
444,-19,1061,0
428,-24,1025,0
427,-24,1003,0
400,-41,1001,0
387,-39,1020,0
389,-44,1035,0
387,-48,1018,0
365,-49,1016,0
350,-43,1034,0
345,-53,1034,0
322,-60,1048,0
309,-68,1050,0
289,-85,1033,0
278,-135,1054,0
269,-150,1050,0
262,-143,1036,0
265,-116,1036,0
260,-110,1042,0
248,-81,1021,0
240,-72,989,0
230,-97,984,0
212,-123,968,0
204,-170,952,0
219,-170,931,0
223,-132,913,0
248,-80,885,0
244,-12,844,0
245,33,822,0
240,61,787,0
220,16,809,0
192,-46,827,0
163,-98,852,0
151,-153,874,0
127,-149,874,0
142,-98,839,0
144,-53,838,0
137,-14,800,0
137,18,778,0
122,20,785,0
114,-10,778,0
102,-77,811,0
87,-124,827,0
105,-145,843,0
93,-134,826,0
124,-70,791,0
131,-8,761,0
131,56,767,0
132,130,768,0
103,171,772,0
85,204,799,0
73,202,864,0
50,211,869,0
30,247,855,0
29,294,851,0
44,346,834,0
37,379,845,0
46,414,875,0
38,436,860,0
41,460,827,0
36,451,836,0
32,430,859,0
43,422,897,0
55,416,930,0
65,395,952,0
70,368,960,0
77,336,962,0
68,307,981,0
52,280,1004,0
50,257,1046,0
64,239,1071,0
56,217,1051,0
37,198,1049,0
37,180,1037,0
40,155,1025,0
34,153,1047,0
42,132,1039,0
46,123,1046,0
33,121,1040,0
44,118,1030,0
30,105,1047,0
46,83,1046,0
34,59,1041,0
27,44,1029,0
43,54,1010,0
34,59,989,0
34,80,1007,0
45,85,1011,0
32,73,1011,0
37,58,987,0
37,52,984,0
34,50,1003,0
35,51,994,0
35,58,992,0
33,49,1009,0
40,54,1036,0
41,53,1019,0
57,43,1011,0
56,50,1022,0
53,48,992,0
53,38,1004,0
55,35,995,0
60,32,1025,0
77,16,1033,0
83,0,1058,0
78,-18,1075,0
92,-37,1082,0
97,-67,1068,0
88,-79,1082,0
81,-104,1040,0
73,-170,971,0
66,-197,943,0
54,-209,922,0
55,-232,908,0
34,-238,910,0
38,-237,933,0
41,-234,934,0
32,-218,920,0
33,-214,924,0
26,-179,880,0
28,-150,863,0
33,-109,837,0
47,-70,809,0
37,-31,800,0
52,-10,783,0
44,10,801,0
56,56,794,0
67,60,808,0
71,84,840,0
87,119,834,0
90,134,824,0
99,133,798,0
109,126,758,0
128,143,740,0
133,176,705,0
123,223,731,0
162,246,743,0
162,256,752,0
166,269,752,0
182,292,757,0
190,288,778,0
218,279,777,0
242,263,753,0
261,238,767,0
253,224,802,0
246,267,845,0
268,295,870,0
289,329,863,0
320,345,873,0
342,384,871,0
379,364,909,0
403,370,940,0
408,350,922,0
424,336,915,0
421,317,902,0
394,310,930,0
373,328,920,0
365,368,954,0
374,401,980,0
387,417,1046,0
417,434,1039,0
459,448,1009,0
477,436,979,0
495,415,1015,0
487,386,1052,0
462,382,1102,0
492,383,1091,0
457,393,1058,0
439,437,995,0
461,477,936,0
486,513,888,0
519,546,888,0
529,528,921,0
530,505,923,0
527,449,934,0
546,390,933,0
548,349,990,0
570,283,1054,0
585,249,1090,0
604,207,1134,0
601,164,1174,0
605,133,1195,0
580,165,1182,0
573,166,1174,0
592,188,1106,0
618,181,1059,0
621,184,1019,0
627,162,1049,0
622,132,1068,0
632,93,1094,0
635,51,1140,0
611,37,1187,0
623,22,1223,0
625,31,1208,0
618,49,1208,0
617,48,1191,0
638,63,1167,0
637,69,1122,0
620,91,1083,0
606,82,1069,0
573,65,1112,0
576,44,1097,0
556,44,1101,0
553,55,1107,0
558,77,1098,0
561,92,1083,0
547,92,1057,0
542,82,1049,0
545,51,1030,0
521,36,1023,0
497,21,1014,0
485,16,1018,0
462,-5,1022,0
428,-30,1015,0
413,-37,1010,0
404,-52,992,0
405,-81,1004,0
377,-83,993,0
354,-99,998,0
336,-107,996,0
337,-100,997,0
347,-112,1011,0
338,-118,1023,0
340,-142,1020,0
339,-141,1037,0
326,-162,1039,0
346,-146,1079,0
335,-120,1066,0
327,-109,1081,0
323,-122,1068,0
300,-116,1038,0
268,-158,985,0
246,-195,983,0
240,-239,979,0
233,-245,964,0
251,-238,956,0
256,-228,963,0
259,-197,934,0
277,-159,943,0
270,-127,965,0
292,-122,969,0
291,-173,1027,0
272,-201,971,0
251,-230,977,0
256,-229,927,0
224,-206,926,0
203,-174,914,0
216,-134,857,0
201,-109,845,0
195,-125,849,0
183,-132,849,0
158,-162,861,0
172,-214,885,0
160,-272,913,0
182,-259,869,0
199,-181,836,0
223,-83,811,0
234,-16,772,0
225,40,753,0
211,65,753,0
191,48,780,0
171,35,822,0
148,2,825,0
105,-9,849,0
80,-3,823,0
47,34,767,0
35,107,736,0
29,184,728,0
30,239,725,0
31,292,735,0
11,300,763,0
4,304,781,0
-16,337,790,0
-17,348,819,0
-12,382,811,0
-11,422,840,0
0,489,804,0
5,542,796,0
22,589,806,0
39,602,788,0
62,591,818,0
69,555,895,0
78,525,884,0
87,478,917,0
102,422,990,0
104,383,1035,0
118,340,1029,0
112,334,1039,0
115,330,1026,0
109,332,1030,0
88,339,1024,0
85,316,1000,0
69,288,994,0
55,280,998,0
56,247,989,0
56,194,1004,0
55,161,1035,0
52,126,1045,0
43,120,1059,0
45,120,1076,0
59,115,1047,0
53,118,1069,0
58,114,1069,0
55,133,1059,0
85,-165,915,0
67,-120,909,0
55,-88,873,0
44,-70,840,0
37,-63,844,0
38,-54,864,0
41,-47,857,0
33,-42,824,0
26,-20,842,0
40,8,832,0
44,47,805,0
74,90,784,0
90,129,759,0
84,178,708,0
93,193,677,0
91,185,664,0
115,218,685,0
135,253,715,0
147,274,732,0
180,294,746,0
201,326,765,0
229,322,746,0
240,323,725,0
244,312,723,0
245,335,735,0
269,355,758,0
262,361,843,0
286,393,880,0
304,393,886,0
293,393,951,0
320,385,958,0
315,385,983,0
309,386,1014,0
324,379,1015,0
321,378,1022,0
308,401,1020,0
309,415,1005,0
311,415,991,0
303,428,985,0
307,432,971,0
301,425,989,0
305,423,1014,0
336,407,1038,0
362,378,1041,0
355,369,1020,0
361,361,1025,0
371,372,1020,0
375,414,1028,0
421,402,1032,0
458,364,1077,0
469,319,1112,0
460,295,1101,0
453,277,1097,0
415,233,1079,0
408,241,1021,0
414,286,999,0
453,318,989,0
504,298,985,0
529,246,1032,0
524,185,1057,0
506,124,1125,0
504,86,1165,0
519,69,1165,0
499,82,1133,0
531,99,1105,0
552,95,1127,0
549,78,1133,0
536,69,1149,0
517,57,1133,0
504,55,1125,0
475,78,1101,0
472,87,1043,0
491,85,1016,0
499,57,991,0
474,30,1037,0
491,25,1058,0
475,27,1076,0
467,68,1067,0
463,92,1032,0
461,101,997,0
477,106,995,0
485,87,1026,0
474,61,1038,0
451,50,1007,0
440,56,999,0
431,46,1025,0
440,66,1026,0
445,64,1026,0
437,38,1056,0
442,30,1047,0
444,11,1068,0
466,-10,1085,0
447,-11,1114,0
457,-10,1126,0
469,-8,1143,0
447,-7,1128,0
453,-2,1108,0
452,-6,1116,0
443,-4,1073,0
446,10,1063,0
429,7,1073,0
434,35,1049,0
432,55,1038,0
420,57,1053,0
415,27,1050,0
405,22,1064,0
381,9,1050,0
388,-29,1062,0
365,-38,1053,0
351,-36,1062,0
349,-33,1073,0
334,-25,1069,0
328,-9,1002,0
311,6,981,0
306,23,1000,0
309,-6,982,0
306,-22,1008,0
280,-54,1038,0
264,-87,1082,0
276,-126,1111,0
277,-116,1111,0
269,-100,1104,0
267,-97,1057,0
262,-76,1027,0
252,-33,1011,0
239,11,969,0
240,17,936,0
242,-14,912,0
216,-179,1005,0
182,-279,1069,0
198,-308,1083,0
216,-299,1070,0
221,-234,1043,0
254,-150,969,0
255,-89,918,0
251,-83,860,0
242,-92,789,0
212,-102,744,0
178,-159,751,0
125,-229,790,0
93,-289,825,0
73,-309,881,0
80,-297,905,0
111,-251,887,0
129,-191,861,0
144,-155,819,0
133,-138,793,0
109,-133,799,0
109,-130,796,0
107,-167,807,0
106,-162,843,0
118,-135,865,0
131,-70,870,0
162,-30,867,0
178,6,874,0
169,29,858,0
189,41,845,0
182,38,822,0
167,38,826,0
151,39,811,0
139,62,840,0
136,92,870,0
117,123,893,0
109,177,900,0
89,219,903,0
70,280,885,0
57,332,857,0
29,370,819,0
-3,411,794,0
0,452,793,0
-10,478,796,0
9,475,801,0
15,483,823,0
22,486,877,0
32,479,908,0
57,469,954,0
70,434,989,0
59,402,1018,0
63,372,1014,0
65,341,1005,0
60,315,1035,0
64,295,1026,0
42,276,1033,0
30,255,1030,0
29,232,1025,0
19,231,1011,0
13,214,1007,0
16,194,1019,0
8,183,1016,0
12,175,1014,0
28,167,1008,0
23,161,1016,0
14,144,1020,0
8,114,1036,0
9,124,1033,0
24,139,1021,0
33,143,1003,0
32,138,998,0
36,136,990,0
19,137,989,0
28,133,1021,0
22,101,1044,0
5,90,1034,0
14,98,1004,0
20,94,1023,0
25,119,1014,0
16,121,1000,0
11,128,985,0
7,137,979,0
12,126,972,0
25,123,989,0
17,120,990,0
33,102,1004,0
33,113,1008,0
34,142,1007,0
45,145,994,0
51,150,1005,0
50,129,1001,0
56,119,991,0
48,119,986,0
58,129,1039,0
48,127,1038,0
56,121,1028,0
50,114,1014,0
47,124,994,0
47,129,1001,0
49,110,988,0
47,124,960,0
45,112,993,0
53,109,1017,0
50,98,1030,0
47,95,1010,0
48,88,996,0
48,89,1016,0
54,95,1007,0
51,93,1009,0
52,76,1015,0
55,47,1044,0
13,-116,914,0
21,-113,892,0
42,-95,867,0
38,-102,835,0
55,-97,827,0
49,-99,810,0
46,-86,790,0
41,-74,792,0
54,-51,788,0
50,-44,775,0
45,-43,777,0
77,-65,802,0
64,-61,829,0
81,-41,832,0
89,-29,844,0
97,-25,828,0
93,-7,842,0
108,7,839,0
107,24,839,0
119,56,852,0
110,78,833,0
117,99,841,0
140,128,793,0
164,179,781,0
165,213,801,0
183,240,765,0
202,275,750,0
205,311,762,0
230,312,790,0
245,308,801,0
231,304,809,0
222,302,820,0
234,328,825,0
239,357,822,0
264,380,809,0
287,400,814,0
295,405,844,0
297,392,855,0
295,393,865,0
293,392,877,0
286,408,876,0
304,420,870,0
305,431,850,0
329,453,859,0
334,463,874,0
346,464,895,0
353,448,940,0
351,436,963,0
340,434,1019,0
396,423,1039,0
431,390,1066,0
450,373,1059,0
461,345,1099,0
488,324,1099,0
520,308,1082,0
476,308,1112,0
466,325,1148,0
457,360,1162,0
459,380,1177,0
472,385,1170,0
478,379,1135,0
495,318,1136,0
485,256,1143,0
471,241,1142,0
461,210,1127,0
439,243,1132,0
451,277,1089,0
453,303,1062,0
466,300,1087,0
494,219,1147,0
450,152,1188,0
455,92,1188,0
437,55,1182,0
427,65,1132,0
426,102,1110,0
444,169,1033,0
454,188,986,0
455,160,1020,0
465,94,1054,0
451,58,1083,0
433,17,1162,0
422,3,1156,0
419,41,1137,0
446,126,1103,0
457,162,1082,0
460,171,1056,0
459,150,1067,0
457,92,1085,0
433,62,1120,0
442,34,1166,0
447,37,1207,0
480,56,1175,0
460,69,1177,0
451,51,1166,0
446,30,1163,0
421,68,1118,0
403,48,1120,0
397,10,1134,0
358,-19,1105,0
358,-29,1092,0
327,-43,1099,0
307,-39,1115,0
288,-35,1096,0
269,-13,1124,0
244,11,1093,0
249,23,1119,0
238,27,1145,0
235,30,1132,0
250,39,1149,0
266,24,1164,0
277,4,1200,0
301,9,1219,0
328,45,1219,0
366,77,1192,0
368,90,1129,0
342,162,1079,0
305,46,1064,0
297,-7,1011,0
263,-84,1013,0
230,-120,1052,0
240,-113,1045,0
256,-85,1056,0
233,-14,1036,0
243,11,978,0
207,-3,983,0
201,-37,915,0
166,-77,867,0
120,-94,892,0
111,-127,911,0
115,-158,928,0
103,-177,988,0
104,-153,962,0
120,-123,900,0
115,-90,883,0
105,-53,836,0
98,-56,790,0
61,-81,799,0
73,-122,809,0
66,-153,847,0
74,-206,902,0
81,-182,940,0
89,-129,932,0
99,-49,893,0
110,26,839,0
105,14,811,0
78,32,803,0
66,25,811,0
62,-25,865,0
46,-87,921,0
44,-105,936,0
48,-49,898,0
56,28,866,0
53,86,850,0
47,136,838,0
49,153,827,0
22,123,823,0
-2,65,843,0
-19,36,904,0
-17,7,966,0
-23,33,965,0
-18,73,909,0
-38,110,908,0
-45,136,896,0
-63,159,851,0
-90,143,876,0
-107,120,885,0
-112,82,888,0
-105,36,943,0
-120,36,928,0
-122,82,907,0
-108,140,856,0
-108,170,862,0
-111,178,870,0
-102,178,883,0
-123,143,909,0
-101,123,958,0
-96,94,938,0
-94,94,974,0
-87,97,958,0
-101,147,953,0
-96,189,956,0
-87,227,936,0
-80,242,926,0
-82,232,934,0
-78,202,928,0
-93,189,915,0
-81,167,955,0
-75,146,942,0
-73,167,927,0
-49,189,916,0
-49,199,935,0
-44,189,958,0
-38,198,956,0
-44,218,961,0
-46,221,947,0
-57,211,977,0
-46,193,962,0
-79,181,981,0
-67,210,984,0
-67,207,1000,0
-76,228,1009,0
-78,249,1009,0
-65,281,1017,0
-53,286,1046,0
-42,270,1061,0
-35,242,1081,0
-40,229,1080,0
-39,216,1104,0
-25,216,1109,0
-14,228,1107,0
-14,260,1087,0
1,273,1064,0
5,286,1037,0
7,305,1030,0
-2,295,1008,0
10,275,992,0
-1,247,1008,0
1,202,1033,0
16,182,1038,0
21,173,1039,0
6,147,1052,0
-11,136,1034,0
-14,132,1001,0
-32,116,978,0
-37,108,977,0
-31,48,1028,0
-34,41,1040,0
-40,23,1054,0
-43,0,1042,0
-54,-29,1075,0
-58,-64,1065,0
-54,-93,1092,0
-69,-121,1072,0
-63,-138,1046,0
-57,-145,1001,0
-60,-147,960,0
-82,-159,948,0
-51,-147,907,0
-70,-131,873,0
-64,-131,857,0
-72,-124,867,0
-71,-103,868,0
-71,-89,863,0
-56,-73,867,0
-56,-68,846,0
-45,-53,842,0
-40,-38,812,0
-52,-32,823,0
-37,-18,833,0
-52,16,830,0
-29,50,838,0
-16,86,849,0
-5,120,844,0
-8,112,824,0
9,102,790,0
2,83,796,0
-3,85,790,0
10,106,822,0
33,132,826,0
49,143,824,0
56,159,830,0
86,169,803,0
87,186,803,0
116,176,817,0
134,183,803,0
136,174,839,0
159,154,821,0
175,154,812,0
169,172,842,0
183,217,845,0
201,269,843,0
195,311,834,0
191,335,810,0
177,373,802,0
190,400,864,0
213,415,896,0
226,404,917,0
246,408,916,0
269,410,947,0
277,405,970,0
287,408,985,0
274,416,994,0
263,411,985,0
252,435,969,0
247,443,962,0
239,451,952,0
239,456,953,0
239,470,961,0
238,494,948,0
256,489,918,0
244,492,927,0
276,493,951,0
302,488,975,0
321,480,1015,0
338,456,1042,0
371,439,1068,0
391,398,1066,0
406,361,1054,0
411,309,1064,0
408,311,1104,0
427,338,1127,0
442,321,1142,0
447,312,1144,0
463,268,1173,0
435,230,1144,0
422,184,1174,0
416,180,1183,0
410,184,1133,0
420,205,1100,0
427,217,1070,0
406,230,1039,0
403,264,1036,0
397,297,1042,0
400,301,1015,0
407,294,1031,0
436,272,1036,0
458,237,1069,0
467,191,1125,0
469,136,1178,0
464,121,1200,0
454,153,1160,0
446,189,1135,0
454,237,1089,0
463,272,1067,0
481,269,1056,0
485,256,1074,0
469,231,1062,0
459,195,1087,0
448,180,1073,0
437,181,1048,0
442,202,1010,0
465,212,1002,0
451,211,1029,0
451,217,1039,0
460,198,1046,0
447,185,1052,0
453,207,1035,0
448,216,1028,0
439,213,1034,0
439,217,1020,0
443,240,1037,0
442,223,1050,0
444,210,1022,0
426,219,1031,0
415,237,1022,0
400,238,989,0
374,269,977,0
393,281,980,0
391,267,993,0
383,245,1008,0
370,204,1004,0
357,192,1008,0
360,190,1021,0
359,186,1032,0
354,181,1053,0
354,152,1066,0
348,125,1065,0
334,76,1071,0
335,75,1049,0
333,88,1053,0
336,88,1069,0
321,103,1069,0
317,117,1091,0
321,134,1090,0
309,97,1075,0
314,67,1077,0
287,70,1046,0
270,59,1058,0
282,48,1030,0
265,57,1031,0
261,62,1032,0
245,62,1022,0
225,81,1060,0
236,80,1024,0
234,76,1000,0
218,48,1031,0
210,0,1006,0
199,-32,1007,0
168,-37,1004,0
173,-4,975,0
160,19,939,0
150,54,936,0
146,65,919,0
122,40,878,0
101,17,912,0
73,-45,950,0
65,-62,957,0
35,-64,949,0
37,-35,945,0
51,-5,906,0
44,4,871,0
38,-6,873,0
34,-11,844,0
13,-18,844,0
1,-37,869,0
9,-51,901,0
-9,-91,952,0
-15,-90,942,0
-32,-86,892,0
-23,-57,841,0
-40,-29,807,0
-38,2,782,0
-33,55,718,0
-9,93,691,0
-7,35,733,0
-8,-76,884,0
-10,-182,967,0
-2,-198,998,0
9,-125,1011,0
56,-11,989,0
95,101,902,0
78,164,901,0
80,169,859,0
42,157,864,0
18,127,883,0
3,70,918,0
-18,-38,981,0
-27,-97,1023,0
-22,-72,1019,0
4,11,993,0
14,85,996,0
41,151,984,0
35,169,980,0
43,172,994,0
27,137,972,0
15,102,960,0
7,27,985,0
8,-2,984,0
9,-14,970,0
15,63,950,0
34,123,936,0
31,177,908,0
27,219,918,0
18,212,937,0
2,204,921,0
-19,210,955,0
-47,203,950,0
-59,235,906,0
-56,283,876,0
-78,329,852,0
-68,368,852,0
-56,410,841,0
-55,413,880,0
-56,373,896,0
-63,372,894,0
-68,341,920,0
-63,333,959,0
-52,330,948,0
-44,335,939,0
-40,354,924,0
-19,360,913,0
-7,361,922,0
-7,353,945,0
-9,329,943,0
-13,293,962,0
-6,237,1025,0
5,170,1035,0
-3,151,1068,0
1,135,1051,0
-7,139,1072,0
-3,169,1029,0
9,191,1028,0
14,203,1045,0
17,164,1083,0
2,128,1070,0
-7,116,1057,0
-18,113,1037,0
-30,102,1023,0
-33,120,1015,0
-20,141,996,0
-14,140,987,0
-16,140,993,0
-14,137,979,0
-20,128,1001,0
-31,131,988,0
-19,-129,944,0
-28,-126,906,0
-27,-104,913,0
-24,-86,883,0
-23,-78,874,0
-38,-75,869,0
-38,-109,851,0
-53,-115,842,0
-50,-115,818,0
-48,-120,819,0
-36,-108,824,0
-14,-79,807,0
-6,-65,793,0
-8,-47,810,0
6,-28,800,0
13,-7,793,0
8,22,797,0
16,49,789,0
12,76,753,0
0,96,729,0
9,132,729,0
10,163,712,0
27,175,693,0
46,172,670,0
59,199,679,0
61,208,721,0
117,223,719,0
129,244,716,0
141,266,770,0
175,294,816,0
206,297,850,0
237,313,894,0
274,307,900,0
278,347,925,0
294,361,925,0
320,375,938,0
305,385,964,0
315,404,987,0
286,396,968,0
271,394,978,0
278,398,986,0
295,407,1019,0
302,429,1020,0
311,441,1024,0
324,453,1018,0
330,469,1026,0
314,484,978,0
327,480,981,0
341,468,1030,0
346,444,1030,0
344,426,1020,0
349,432,1049,0
364,442,1058,0
352,464,1047,0
352,461,1054,0
376,455,1065,0
386,448,1032,0
378,439,999,0
387,426,997,0
390,401,1038,0
379,356,1092,0
388,317,1143,0
390,287,1128,0
381,242,1152,0
383,232,1128,0
363,240,1079,0
357,255,1025,0
343,292,960,0
354,321,903,0
350,325,891,0
366,308,935,0
384,238,1019,0
397,187,1059,0
394,129,1063,0
397,92,1053,0
389,119,1033,0
407,145,994,0
414,194,975,0
436,217,952,0
445,233,957,0
468,197,964,0
472,176,1016,0
488,110,1062,0
498,70,1088,0
488,52,1099,0
474,54,1113,0
466,77,1077,0
483,77,1079,0
485,67,1105,0
480,25,1123,0
469,-1,1121,0
455,-12,1117,0
452,3,1109,0
451,42,1122,0
454,68,1110,0
448,93,1087,0
451,99,1086,0
456,84,1095,0
440,74,1070,0
429,68,1082,0
414,49,1073,0
422,67,1039,0
423,91,1008,0
412,106,991,0
413,130,989,0
408,154,987,0
412,150,981,0
409,147,969,0
399,141,978,0
395,153,957,0
387,155,986,0
396,160,995,0
388,158,984,0
388,168,983,0
386,136,980,0
365,120,965,0
352,115,990,0
353,105,988,0
339,102,1004,0
330,97,1001,0
332,86,1014,0
336,91,1026,0
320,101,1035,0
336,85,1052,0
342,80,1056,0
339,61,1050,0
336,41,1069,0
344,41,1061,0
352,64,1075,0
349,78,1066,0
348,55,1069,0
335,49,1057,0
313,54,1047,0
308,59,1048,0
295,44,1050,0
294,49,1039,0
275,42,1049,0
278,-1,1053,0
260,-12,1032,0
265,-39,1054,0
233,-58,1039,0
217,-75,1041,0
212,-69,1051,0
210,-59,1052,0
211,-62,1058,0
207,-67,1058,0
207,-80,1056,0
211,-82,1057,0
209,-92,1064,0
210,-104,1069,0
197,-129,1061,0
190,-156,1065,0
166,-139,1045,0
143,-137,1016,0
136,-106,1004,0
118,-99,962,0
95,-115,913,0
65,-139,923,0
54,-151,898,0
54,-169,912,0
46,-195,930,0
62,-188,930,0
61,-153,932,0
54,-120,886,0
57,-101,851,0
38,-91,807,0
29,-96,792,0
33,-61,781,0
8,-95,809,0
4,-144,840,0
-17,-195,895,0
-4,-205,913,0
12,-177,910,0
19,-125,901,0
33,-77,868,0
33,-38,843,0
22,-18,843,0
46,-4,863,0
33,-27,896,0
17,-67,940,0
3,-95,985,0
6,-89,969,0
-3,-51,971,0
15,-8,938,0
10,31,934,0
-4,36,921,0
-25,20,925,0
-38,20,911,0
-48,21,907,0
-51,-6,947,0
-47,-9,984,0
-41,4,995,0
-32,17,966,0
-32,32,956,0
-31,56,919,0
-44,78,864,0
-62,75,867,0
-91,92,865,0
-111,108,866,0
-125,127,855,0
-122,147,841,0
-105,160,868,0
-113,192,861,0
-100,250,880,0
-85,306,887,0
-82,324,862,0
-82,331,843,0
-83,330,877,0
-55,325,903,0
-59,301,938,0
-42,292,975,0
-43,238,1036,0
-44,216,1033,0
-61,236,1040,0
-49,246,1015,0
-40,255,1014,0
-63,262,990,0
-67,253,979,0
-77,222,985,0
-93,208,969,0
-82,205,998,0
-77,186,1036,0
-73,169,1020,0
-67,159,1028,0
-62,147,1045,0
-65,150,1030,0
-61,171,1031,0
-52,189,1016,0
-35,163,1023,0
-44,134,1042,0
-37,79,1059,0
-47,51,1063,0
-39,33,1054,0
-45,39,1037,0
-41,53,1023,0
-32,64,1020,0
18,-32,903,0
29,-41,876,0
23,-52,904,0
29,-82,932,0
37,-96,925,0
32,-124,901,0
17,-152,921,0
22,-170,926,0
16,-134,942,0
27,-98,935,0
26,-61,914,0
29,-30,898,0
40,-15,876,0
53,-5,853,0
59,13,849,0
62,45,831,0
66,89,794,0
85,95,802,0
93,109,823,0
116,125,814,0
113,132,828,0
126,162,835,0
129,185,845,0
125,183,841,0
137,195,866,0
135,197,835,0
144,220,805,0
139,239,789,0
153,286,826,0
167,308,838,0
169,333,848,0
171,307,844,0
167,306,865,0
164,310,860,0
182,303,869,0
196,280,913,0
219,260,916,0
210,268,891,0
207,257,888,0
200,297,895,0
193,349,894,0
193,387,877,0
189,419,869,0
186,440,863,0
212,431,878,0
242,402,881,0
252,356,878,0
234,349,891,0
244,368,915,0
247,392,923,0
254,438,935,0
278,467,918,0
292,474,943,0
298,443,951,0
321,400,968,0
327,343,983,0
334,328,988,0
326,332,992,0
330,307,1022,0
353,292,1042,0
334,318,1044,0
366,349,1038,0
379,379,1003,0
408,378,1026,0
413,328,1077,0
411,281,1079,0
399,255,1054,0
391,253,1041,0
381,275,1020,0
364,298,972,0
373,313,960,0
397,337,963,0
438,342,979,0
440,316,990,0
465,301,981,0
454,264,1006,0
481,258,1034,0
498,218,1100,0
513,185,1118,0
506,140,1129,0
501,141,1124,0
503,157,1089,0
503,170,1107,0
521,181,1135,0
531,157,1123,0
521,142,1110,0
508,153,1080,0
510,151,1064,0
500,144,1079,0
508,163,1047,0
507,174,1015,0
502,161,1039,0
491,133,1011,0
484,115,977,0
467,112,974,0
472,125,962,0
488,97,1004,0
507,88,1067,0
516,76,1085,0
514,77,1084,0
522,67,1101,0
514,86,1078,0
529,117,1026,0
536,116,995,0
548,130,959,0
553,140,940,0
518,135,951,0
497,122,992,0
488,112,1018,0
520,134,1023,0
509,148,1025,0
499,125,1000,0
490,121,978,0
488,111,942,0
472,91,936,0
461,81,966,0
450,62,970,0
435,69,988,0
428,52,1021,0
417,49,1007,0
390,45,1029,0
380,46,1033,0
366,14,1015,0
215,24,993,0
295,-55,990,0
285,-57,971,0
301,-72,1025,0
311,-86,1010,0
311,-110,1041,0
342,-115,1033,0
361,-118,1027,0
385,-105,1043,0
409,-70,1074,0
429,-49,1079,0
426,-48,1109,0
393,-47,1106,0
371,-75,1087,0
320,-106,1070,0
298,-138,1059,0
275,-157,1007,0
260,-148,1006,0
244,-131,1032,0
236,-162,1077,0
244,-187,1073,0
252,-159,1094,0
261,-129,1078,0
259,-113,1060,0
256,-128,1053,0
233,-161,1052,0
182,-180,994,0
161,-128,953,0
127,-88,939,0
135,-86,936,0
101,-97,896,0
102,-105,883,0
92,-126,903,0
73,-102,913,0
87,-108,926,0
108,-117,947,0
95,-130,949,0
87,-121,939,0
91,-117,865,0
83,-97,867,0
68,-90,892,0
67,-81,883,0
49,-79,877,0
61,-118,892,0
64,-155,931,0
56,-151,924,0
65,-131,925,0
70,-102,923,0
81,-71,877,0
71,-54,855,0
50,-57,888,0
45,-56,907,0
29,-53,896,0
21,-108,915,0
22,-168,948,0
19,-186,966,0
3,-171,964,0
2,-123,951,0
-4,-41,890,0
24,36,878,0
23,87,834,0
17,100,798,0
20,69,837,0
4,-56,978,0
-9,-138,1030,0
20,-138,1084,0
69,-30,1033,0
106,79,956,0
119,173,889,0
122,175,854,0
96,158,857,0
81,155,868,0
68,141,861,0
45,101,895,0
33,89,933,0
11,121,920,0
6,196,927,0
16,278,911,0
12,330,851,0
-10,351,861,0
-31,348,855,0
-50,318,890,0
-62,326,927,0
-53,317,948,0
-42,340,974,0
-24,351,968,0
-20,355,932,0
-17,373,909,0
-17,409,927,0
-8,407,927,0
-12,390,924,0
1,343,946,0
-9,287,960,0
-6,276,944,0
5,271,937,0
6,293,933,0
7,316,947,0
40,327,960,0
39,294,983,0
35,250,1022,0
24,217,1039,0
27,200,1039,0
30,194,1017,0
20,209,981,0
26,198,961,0
24,213,994,0
33,175,1009,0
20,163,998,0
29,133,1018,0
17,121,1032,0
22,121,1024,0
16,141,1034,0
30,152,1003,0
26,150,948,0
5,108,960,0
21,122,985,0
23,106,968,0
23,99,964,0
29,62,997,0
32,54,1020,0
38,27,1039,0
31,5,1020,0
41,18,976,0
44,32,1003,0
57,32,1009,0
72,32,1005,0
74,-115,971,0
82,-115,917,0
95,-112,898,0
83,-86,852,0
99,-52,841,0
122,-5,862,0
131,28,862,0
131,41,831,0
125,55,795,0
140,74,815,0
145,82,896,0
176,126,918,0
205,124,870,0
170,131,833,0
187,130,789,0
183,166,782,0
202,208,787,0
222,247,799,0
234,291,812,0
244,322,843,0
267,323,871,0
281,292,898,0
272,269,951,0
279,241,925,0
262,239,892,0
266,261,840,0
287,299,819,0
287,339,825,0
292,373,846,0
303,359,879,0
287,333,903,0
274,312,882,0
251,331,859,0
248,350,879,0
245,378,881,0
256,379,856,0
257,399,839,0
281,412,866,0
303,400,897,0
292,387,891,0
282,373,876,0
265,390,908,0
250,389,902,0
246,393,918,0
265,406,881,0
279,419,862,0
300,438,838,0
313,441,815,0
325,439,772,0
341,453,767,0
372,458,790,0
371,469,799,0
380,456,794,0
395,436,840,0
444,417,857,0
474,381,894,0
492,335,958,0
507,315,971,0
508,292,976,0
515,253,1010,0
513,260,990,0
561,273,953,0
607,293,1024,0
626,309,1049,0
638,292,1015,0
630,254,982,0
619,226,953,0
639,177,922,0
624,189,962,0
648,183,1016,0
658,159,1160,0
668,133,1175,0
649,124,1178,0
632,136,1159,0
616,148,1078,0
609,161,989,0
622,170,961,0
629,177,983,0
622,141,1033,0
609,86,1074,0
599,58,1068,0
597,42,1074,0
609,63,1060,0
596,78,995,0
601,83,1004,0
611,59,1035,0
592,47,1086,0
586,19,1093,0
582,-7,1118,0
573,-32,1125,0
579,-20,1109,0
582,-9,1104,0
584,-10,1090,0
581,26,1101,0
587,49,1091,0
588,69,1060,0
588,72,1040,0
579,83,1033,0
592,62,1018,0
578,42,1021,0
582,20,1001,0
563,31,995,0
565,27,978,0
551,41,980,0
550,74,969,0
562,95,982,0
551,109,988,0
547,106,960,0
529,99,974,0
519,75,991,0
510,59,983,0
488,53,996,0
487,47,1025,0
472,59,1037,0
476,55,1061,0
460,46,1091,0
461,33,1072,0
451,28,1059,0
446,20,1058,0
428,30,1056,0
418,57,1014,0
411,31,1006,0
381,12,985,0
363,-12,983,0
353,-9,991,0
342,4,989,0
336,-8,1019,0
315,-18,1014,0
315,-30,985,0
316,-27,954,0
311,16,929,0
309,-2,953,0
320,-83,1010,0
298,-214,1124,0
262,-277,1162,0
262,-245,1130,0
270,-136,1027,0
291,-70,966,0
280,-53,916,0
257,-98,878,0
229,-161,926,0
207,-205,933,0
202,-219,950,0
199,-202,953,0
205,-204,909,0
189,-184,863,0
161,-151,860,0
174,-124,856,0
147,-140,860,0
141,-133,842,0
115,-175,894,0
105,-210,883,0
93,-230,869,0
94,-218,912,0
106,-180,887,0
93,-147,856,0
82,-119,865,0
70,-116,850,0
48,-133,852,0
27,-151,895,0
19,-156,893,0
14,-154,917,0
17,-128,927,0
14,-104,913,0
14,-71,897,0
6,-48,918,0
-4,-15,889,0
2,-35,905,0
-6,-100,955,0
-24,-145,962,0
-29,-153,959,0
-20,-114,916,0
2,-47,885,0
13,9,865,0
9,22,818,0
3,20,800,0
-7,20,787,0
-37,-30,802,0
-66,-49,823,0
-60,-38,857,0
-51,-1,884,0
-40,66,882,0
-28,123,865,0
-23,163,850,0
-34,156,856,0
-52,141,847,0
-52,124,874,0
-64,117,934,0
-70,134,922,0
-72,170,961,0
-47,245,926,0
-52,316,900,0
-47,363,873,0
-48,393,890,0
-39,419,908,0
-31,410,923,0
-27,380,931,0
-23,373,980,0
-16,371,967,0
5,398,973,0
10,405,975,0
23,404,991,0
34,401,1029,0
34,388,1046,0
39,318,1068,0
47,265,1073,0
41,259,1072,0
36,254,1051,0
38,268,1033,0
36,243,1039,0
18,204,1016,0
-3,157,991,0
4,126,1025,0
13,133,1053,0
10,102,1051,0
-5,89,1061,0
-6,67,1053,0
-14,51,1003,0
-25,65,979,0
-22,54,967,0
-14,29,955,0
-22,9,959,0
-27,-5,959,0
-47,-35,977,0
-35,-71,995,0
-37,-85,999,0
-52,-71,988,0
-35,-54,990,0
-28,-49,993,0
-30,-52,990,0
-22,-77,987,0
-16,-116,981,0
-18,-115,972,0
-11,-123,988,0
-6,-139,991,0
-10,-146,1028,0
-2,-138,983,0
-7,-120,939,0
-4,-104,956,0
7,-76,907,0
-18,-69,914,0
17,5,906,0
16,20,913,0
11,36,911,0
10,47,884,0
44,77,853,0
48,117,815,0
82,158,792,0
106,179,767,0
120,173,741,0
133,177,719,0
140,196,716,0
141,235,739,0
153,262,764,0
180,289,773,0
206,286,777,0
207,259,821,0
212,228,855,0
231,200,833,0
226,201,808,0
219,210,833,0
213,237,866,0
215,265,888,0
210,279,878,0
225,298,907,0
224,303,903,0
231,303,891,0
240,306,892,0
247,295,880,0
257,286,859,0
270,322,867,0
294,362,881,0
312,403,880,0
324,415,865,0
345,428,854,0
351,438,870,0
364,443,870,0
404,437,907,0
394,442,931,0
397,426,906,0
387,405,923,0
394,410,911,0
394,431,903,0
388,468,870,0
389,463,801,0
408,496,756,0
399,497,740,0
428,458,740,0
430,423,814,0
458,341,903,0
482,267,994,0
494,199,1095,0
529,167,1151,0
566,107,1140,0
556,107,1098,0
540,116,1074,0
575,77,1053,0
543,74,1098,0
567,86,1173,0
587,71,1187,0
590,23,1276,0
593,-25,1337,0
596,-15,1294,0
598,18,1279,0
606,11,1278,0
590,20,1215,0
568,63,1207,0
579,96,1140,0
564,97,1069,0
553,126,1064,0
557,125,1119,0
578,115,1120,0
581,114,1134,0
584,102,1078,0
570,112,1053,0
551,94,1061,0
571,126,1033,0
571,122,1034,0
596,115,1040,0
576,71,1036,0
563,40,1077,0
568,48,1121,0
596,72,1098,0
580,78,1112,0
589,88,1051,0
596,60,998,0
583,62,1033,0
584,51,1042,0
575,47,1041,0
570,20,1100,0
576,32,1087,0
588,27,1085,0
585,31,1099,0
579,33,1113,0
581,12,1051,0
556,-33,1042,0
540,-49,1047,0
533,-40,1028,0
522,-44,1039,0
524,-60,1036,0
510,-65,1042,0
512,-83,1057,0
493,-74,1053,0
478,-76,1051,0
477,-116,1058,0
451,-147,1037,0
431,-158,976,0
422,-140,971,0
405,-131,985,0
383,-118,1019,0
391,-122,1019,0
353,-127,1010,0
339,-154,1010,0
318,-166,1029,0
319,-160,1018,0
306,-124,1038,0
310,-104,1015,0
300,-89,977,0
289,-67,979,0
278,-39,995,0
284,-27,971,0
277,-7,962,0
260,-58,1031,0
250,-84,1058,0
248,-111,1059,0
232,-73,1071,0
250,6,1034,0
255,54,979,0
241,71,919,0
212,43,872,0
166,20,862,0
160,-57,905,0
113,-182,1027,0
91,-226,1057,0
112,-194,1015,0
138,-85,939,0
133,-3,876,0
130,17,864,0
120,-1,885,0
102,-35,876,0
77,-56,878,0
66,-93,928,0
70,-111,952,0
61,-117,938,0
63,-126,943,0
46,-90,921,0
43,-53,884,0
28,-15,841,0
10,-20,855,0
10,-30,888,0
-6,-10,915,0
3,-41,925,0
-8,-71,955,0
-19,-93,962,0
-15,-55,952,0
6,16,898,0
18,43,871,0
15,58,835,0
8,35,839,0
9,38,803,0
-8,18,782,0
-10,-5,787,0
-5,-50,805,0
-38,-71,851,0
-19,-78,880,0
-25,-16,863,0
-14,74,834,0
-7,116,834,0
-18,135,830,0
-36,151,857,0
-54,144,837,0
-75,180,858,0
-78,191,881,0
-76,220,916,0
-68,274,891,0
-63,333,881,0
-64,358,890,0
-86,382,899,0
-95,398,899,0
-100,399,882,0
-104,416,900,0
-100,411,893,0
-97,417,916,0
-73,432,931,0
-62,407,971,0
-46,387,1024,0
-52,369,1011,0
-42,368,1035,0
-30,350,1018,0
-42,343,995,0
-38,347,997,0
-34,332,971,0
-45,329,967,0
-46,299,980,0
-62,265,977,0
-57,224,1004,0
-68,221,989,0
-73,196,1012,0
-68,176,1000,0
-60,157,995,0
-67,146,1020,0
-66,128,1020,0
-93,-131,848,0
-92,-135,818,0
-95,-155,795,0
-88,-151,767,0
-88,-141,772,0
-96,-122,765,0
-86,-92,780,0
-55,-88,793,0
-55,-62,802,0
-48,-58,809,0
-49,-47,801,0
-24,-45,794,0
-2,-38,782,0
-8,-10,748,0
4,-6,702,0
0,56,690,0
22,113,728,0
43,166,765,0
59,207,746,0
79,220,750,0
108,209,738,0
149,219,750,0
157,223,728,0
193,242,739,0
204,282,745,0
209,306,740,0
243,354,757,0
269,411,766,0
285,434,775,0
301,441,808,0
323,408,793,0
324,395,799,0
331,405,827,0
348,426,797,0
327,442,758,0
351,484,794,0
371,513,819,0
393,532,884,0
430,538,938,0
475,516,1013,0
496,493,1065,0
497,483,1120,0
493,485,1125,0
488,495,1093,0
474,524,1051,0
485,531,1020,0
496,555,1007,0
528,576,1051,0
549,558,1099,0
548,533,1097,0
535,473,1117,0
537,421,1154,0
549,392,1165,0
534,394,1154,0
549,384,1126,0
525,396,1083,0
523,386,1057,0
539,390,1035,0
545,367,1050,0
559,350,1080,0
555,336,1075,0
578,326,1068,0
563,283,1058,0
569,250,1083,0
558,232,1083,0
555,229,1042,0
540,235,1031,0
545,226,1041,0
551,225,1024,0
555,215,1033,0
543,171,1037,0
534,138,1072,0
525,152,1080,0
519,157,1055,0
511,184,1010,0
519,214,999,0
523,229,976,0
515,223,984,0
515,203,965,0
498,181,1006,0
491,194,1020,0
473,208,1022,0
478,230,1029,0
495,258,1037,0
504,251,1065,0
502,226,1056,0
492,182,1049,0
498,164,1085,0
507,165,1076,0
504,154,1056,0
496,174,1024,0
500,165,1032,0
504,167,1056,0
509,154,1049,0
500,135,1053,0
495,133,1042,0
486,124,1045,0
478,134,1009,0
472,138,1001,0
467,126,982,0
475,129,997,0
476,121,989,0
472,104,1006,0
480,93,1010,0
447,77,978,0
423,73,948,0
420,96,946,0
410,101,914,0
387,104,925,0
348,102,943,0
340,83,917,0
318,66,941,0
298,62,953,0
280,39,987,0
271,10,990,0
273,13,1029,0
277,-3,1048,0
269,-4,1036,0
256,0,1014,0
287,24,1033,0
284,28,1036,0
288,43,1021,0
292,49,1020,0
289,37,1063,0
306,-50,1116,0
293,-81,1137,0
282,-74,1097,0
293,-6,1071,0
299,61,1023,0
280,89,985,0
278,62,959,0
234,64,966,0
214,61,971,0
203,39,934,0
174,-12,945,0
150,-93,1039,0
147,-137,1087,0
146,-125,1070,0
171,-63,1049,0
185,-18,974,0
163,28,905,0
168,65,872,0
164,109,774,0
157,140,767,0
144,80,779,0
135,-80,908,0
68,-160,1054,0
96,-172,1084,0
128,-99,1038,0
174,26,955,0
191,87,905,0
157,94,832,0
127,72,828,0
116,55,813,0
110,48,783,0
97,22,830,0
107,24,859,0
80,22,859,0
76,39,854,0
90,80,845,0
100,102,821,0
86,110,781,0
67,122,791,0
78,99,751,0
38,64,791,0
14,38,832,0
6,7,870,0
-8,-2,909,0
-20,43,904,0
6,107,893,0
10,140,870,0
-5,140,867,0
-35,135,857,0
-53,140,859,0
-67,147,886,0
-60,164,934,0
-52,202,950,0
-41,270,954,0
-16,321,922,0
-8,332,932,0
-2,363,921,0
-5,385,898,0
-26,391,883,0
-27,427,865,0
-18,468,834,0
-14,514,837,0
10,560,855,0
41,561,860,0
57,541,916,0
57,517,919,0
68,481,958,0
67,457,988,0
78,442,985,0
92,408,975,0
93,383,996,0
105,339,1014,0
86,306,1056,0
82,276,1076,0
74,252,1076,0
66,240,1062,0
66,219,1060,0
58,201,1066,0
47,194,1038,0
30,180,983,0
23,185,968,0
20,172,984,0
27,162,982,0
20,119,999,0
10,98,1011,0
5,77,1023,0
-12,61,1039,0
-21,67,1017,0
1,74,993,0
23,-15,803,0
12,-11,823,0
33,-26,799,0
18,-22,792,0
29,-16,794,0
34,-15,813,0
44,11,783,0
83,40,778,0
93,54,763,0
117,86,738,0
137,109,683,0
135,153,654,0
125,201,658,0
162,270,648,0
187,311,623,0
209,388,621,0
241,433,639,0
262,466,652,0
278,469,693,0
285,455,743,0
279,437,795,0
311,419,830,0
292,419,852,0
284,423,904,0
315,448,904,0
341,484,905,0
369,488,932,0
395,489,937,0
403,482,952,0
402,471,973,0
402,474,969,0
402,492,969,0
388,511,919,0
420,513,906,0
451,517,938,0
485,472,1020,0
495,447,1079,0
505,417,1121,0
508,411,1131,0
514,424,1117,0
507,465,1108,0
528,470,1122,0
539,453,1165,0
539,460,1187,0
542,416,1205,0
533,385,1210,0
514,347,1155,0
500,370,1126,0
507,397,1079,0
513,397,1082,0
521,412,1074,0
524,374,1070,0
510,330,1076,0
508,299,1083,0
524,282,1077,0
529,280,1102,0
514,279,1089,0
507,301,1030,0
490,302,968,0
488,316,934,0
492,300,929,0
481,257,956,0
466,216,989,0
474,190,1024,0
465,184,1068,0
482,187,1064,0
487,195,1068,0
487,172,1068,0
486,138,1084,0
468,131,1126,0
473,147,1128,0
466,169,1115,0
472,182,1097,0
479,184,1108,0
477,187,1120,0
499,189,1101,0
491,178,1075,0
470,166,1042,0
449,170,1035,0
453,158,1053,0
453,135,1060,0
470,139,1073,0
459,127,1068,0
460,127,1054,0
457,116,1037,0
450,105,1030,0
421,100,1006,0
420,75,1020,0
422,51,1037,0
405,47,1032,0
398,47,1061,0
382,62,1070,0
377,61,1048,0
364,64,1043,0
354,50,1007,0
352,17,1020,0
337,33,1044,0
325,45,1025,0
326,62,1035,0
326,78,1052,0
334,94,1053,0
323,72,1069,0
309,53,1053,0
301,48,1035,0
290,50,1042,0
300,38,1011,0
282,44,1016,0
257,28,1020,0
264,-8,1051,0
245,-76,1092,0
227,-119,1101,0
206,-147,1147,0
217,-119,1127,0
219,-84,1091,0
203,-71,1005,0
174,-63,952,0
162,-56,916,0
151,-64,892,0
147,-103,892,0
124,-168,953,0
119,-215,998,0
125,-212,999,0
134,-138,967,0
172,-45,909,0
159,12,853,0
156,17,803,0
139,32,773,0
126,18,775,0
125,-21,782,0
78,-133,913,0
69,-202,958,0
86,-185,955,0
88,-101,908,0
117,-2,865,0
117,41,817,0
90,26,791,0
62,-5,758,0
46,-17,746,0
36,-55,833,0
44,-95,915,0
42,-99,947,0
63,-64,945,0
59,20,882,0
67,63,834,0
68,82,810,0
55,48,840,0
40,30,876,0
27,28,878,0
12,18,888,0
15,8,916,0
25,8,927,0
22,44,892,0
30,82,876,0
28,121,855,0
18,117,846,0
-25,92,863,0
-28,72,847,0
-30,63,878,0
-42,38,938,0
-42,50,912,0
-81,99,865,0
-67,169,867,0
-74,228,857,0
-85,271,849,0
-90,292,847,0
-88,302,863,0
-101,322,854,0
-99,355,882,0
-98,390,919,0
-80,423,965,0
-49,479,960,0
-21,509,955,0
7,504,971,0
19,514,991,0
47,495,994,0
52,490,1030,0
73,484,1048,0
90,469,1060,0
90,460,1049,0
96,458,1047,0
112,403,1045,0
99,367,1035,0
77,339,1015,0
62,305,1017,0
46,271,1035,0
30,255,1026,0
26,224,1021,0
21,212,1050,0
21,187,1033,0
9,172,1041,0
2,148,1026,0
-18,141,995,0
-24,126,966,0
-42,109,943,0
-55,96,947,0
-40,73,984,0
-33,48,1031,0
-41,23,1076,0
-21,15,1045,0
-17,30,1035,0
-10,45,1023,0
5,44,1007,0
15,24,1001,0
23,9,1023,0
8,-15,1007,0
24,2,1014,0
16,-7,990,0
31,-6,1016,0
29,14,1006,0
34,12,979,0
37,-6,968,0
24,-14,939,0
26,-28,934,0
12,-54,934,0
-2,-56,892,0
1,-52,864,0
2,-65,821,0
-33,-46,822,0
-30,-39,814,0
-29,-75,808,0
-43,-66,788,0
-20,-25,725,0
-40,3,688,0
-29,65,683,0
-16,82,704,0
5,80,728,0
13,82,778,0
39,46,786,0
67,73,788,0
93,82,789,0
126,77,711,0
91,132,704,0
112,145,704,0
121,210,662,0
149,267,666,0
179,320,658,0
202,311,696,0
226,288,747,0
252,266,808,0
282,225,826,0
284,203,829,0
301,206,857,0
290,251,882,0
320,290,885,0
317,336,863,0
360,378,894,0
395,412,908,0
422,385,995,0
447,334,1008,0
447,288,1017,0
458,288,1014,0
467,285,1037,0
476,323,1048,0
505,362,1046,0
524,383,1046,0
542,371,1038,0
551,326,1094,0
570,263,1144,0
572,232,1155,0
562,266,1160,0
567,302,1120,0
582,329,1054,0
575,349,1029,0
590,281,1045,0
582,192,1114,0
562,102,1163,0
560,61,1191,0
541,87,1217,0
566,145,1200,0
576,180,1207,0
587,209,1222,0
609,191,1170,0
604,201,1108,0
616,230,1107,0
638,201,1130,0
646,170,1123,0
635,162,1160,0
651,145,1192,0
644,127,1188,0
653,129,1171,0
638,143,1151,0
653,112,1153,0
626,112,1134,0
614,92,1083,0
600,79,1099,0
606,102,1092,0
617,96,1087,0
622,70,1142,0
603,70,1129,0
594,46,1110,0
572,36,1123,0
561,39,1116,0
597,51,1085,0
593,32,1090,0
582,24,1083,0
571,10,1120,0
583,0,1097,0
566,19,1090,0
553,12,1110,0
547,11,1100,0
532,12,1072,0
518,13,1035,0
519,17,1028,0
507,9,1023,0
496,22,1036,0
491,19,1028,0
485,23,1015,0
469,17,986,0
435,19,981,0
419,26,965,0
410,10,1008,0
397,-17,997,0
373,-46,1018,0
376,-80,1034,0
377,-114,1097,0
363,-140,1119,0
366,-129,1100,0
353,-128,1099,0
334,-119,1081,0
316,-122,1042,0
290,-135,1042,0
267,-137,1004,0
252,-145,957,0
238,-146,929,0
231,-136,925,0
215,-167,945,0
202,-179,990,0
208,-174,994,0
200,-164,997,0
206,-130,984,0
204,-113,991,0
210,-89,988,0
208,-70,918,0
193,-74,870,0
181,-65,840,0
161,-46,825,0
152,-46,829,0
152,-81,840,0
107,-132,901,0
63,-216,973,0
57,-234,1024,0
81,-189,943,0
78,-133,877,0
71,-110,823,0
44,-69,773,0
39,-68,730,0
34,-64,735,0
20,-101,760,0
5,-181,854,0
-16,-234,949,0
2,-241,999,0
44,-165,976,0
68,-61,898,0
109,9,853,0
101,23,782,0
63,2,749,0
43,5,787,0
64,19,794,0
50,18,789,0
53,-4,861,0
62,13,902,0
64,34,887,0
71,77,870,0
90,102,817,0
76,110,809,0
64,103,803,0
51,96,826,0
37,92,880,0
39,85,889,0
18,105,890,0
30,137,876,0
29,170,887,0
8,194,878,0
14,197,866,0
12,199,887,0
-5,210,931,0
4,205,953,0
-9,251,951,0
-5,296,949,0
-6,346,919,0
-22,394,897,0
-7,444,871,0
4,484,881,0
33,529,875,0
45,541,928,0
62,532,970,0
60,518,1015,0
67,508,1025,0
93,502,1044,0
107,490,1057,0
109,494,1036,0
125,480,1033,0
126,468,1017,0
119,444,1014,0
108,415,1031,0
105,384,1048,0
69,348,1054,0
79,300,1064,0
59,235,1077,0
39,222,1066,0
31,205,1017,0
13,204,986,0
11,206,980,0
13,196,1000,0
5,144,1022,0
-8,126,990,0
-13,104,996,0
-8,76,1003,0
-13,79,980,0
-14,2,842,0
-6,3,872,0
-13,-19,869,0
-7,-35,870,0
-18,-11,819,0
-18,15,790,0
-20,49,783,0
-15,77,751,0
5,72,729,0
-1,66,721,0
30,46,728,0
41,38,757,0
38,41,775,0
55,56,796,0
81,60,814,0
84,96,779,0
95,106,794,0
108,119,757,0
118,144,760,0
132,134,745,0
119,160,726,0
139,201,731,0
163,258,713,0
183,285,715,0
227,325,711,0
245,326,731,0
276,320,743,0
293,319,792,0
322,349,807,0
339,357,808,0
337,395,832,0
353,439,823,0
379,469,815,0
402,501,883,0
425,503,923,0
447,500,939,0
474,487,1000,0
479,504,994,0
492,522,1025,0
497,529,1011,0
502,542,1014,0
524,538,997,0
533,516,1063,0
542,488,1083,0
534,477,1094,0
516,431,1084,0
490,427,1047,0
484,458,1025,0
498,478,994,0
501,476,955,0
511,505,931,0
537,491,915,0
542,470,970,0
559,438,1019,0
578,395,1025,0
576,360,1083,0
595,337,1121,0
601,321,1114,0
615,293,1128,0
632,267,1158,0
623,260,1159,0
633,245,1144,0
640,242,1137,0
625,221,1163,0
618,234,1151,0
627,246,1109,0
623,242,1125,0
625,242,1103,0
629,208,1057,0
636,201,1037,0
616,205,1032,0
608,164,1050,0
616,151,1063,0
598,126,1057,0
588,132,1055,0
565,123,1039,0
557,120,1006,0
531,140,998,0
533,146,969,0
545,144,967,0
539,118,957,0
538,109,962,0
531,91,976,0
525,96,1006,0
526,92,991,0
516,93,995,0
509,107,977,0
503,106,962,0
479,117,940,0
476,120,931,0
458,98,921,0
456,81,948,0
442,76,996,0
449,79,993,0
436,78,1015,0
423,54,1002,0
421,43,985,0
409,50,960,0
381,45,962,0
396,52,1000,0
379,42,999,0
378,14,1025,0
371,-16,1080,0
369,-39,1086,0
375,-76,1135,0
364,-87,1120,0
375,-65,1106,0
384,-28,1090,0
368,-18,1073,0
355,-15,1041,0
336,-14,1041,0
333,-18,1012,0
313,-27,1011,0
287,-81,1053,0
256,-181,1112,0
223,-225,1134,0
216,-259,1109,0
193,-230,1064,0
178,-192,1020,0
171,-164,1006,0
161,-135,966,0
162,-131,919,0
170,-133,889,0
184,-124,869,0
191,-137,885,0
190,-141,881,0
197,-152,900,0
204,-118,904,0
198,-68,862,0
223,-23,816,0
201,-9,808,0
191,1,807,0
171,4,792,0
144,-26,796,0
136,-92,867,0
107,-141,901,0
97,-138,905,0
100,-114,918,0
118,-30,891,0
130,26,856,0
102,45,841,0
92,52,810,0
84,37,829,0
79,29,862,0
78,10,859,0
67,4,898,0
66,1,887,0
56,20,882,0
72,46,865,0
71,101,850,0
68,107,802,0
44,103,809,0
41,100,815,0
32,102,844,0
29,112,833,0
17,128,854,0
-2,146,853,0
-5,199,819,0
-12,251,841,0
-17,295,840,0
-20,316,825,0
-42,326,818,0
-28,326,843,0
-33,335,859,0
-27,340,895,0
-25,362,934,0
-19,404,948,0
0,411,933,0
13,416,950,0
13,421,934,0
27,417,909,0
29,397,905,0
20,407,908,0
26,420,901,0
44,420,908,0
43,407,961,0
57,387,957,0
48,375,982,0
61,354,1046,0
63,317,1076,0
56,263,1109,0
50,243,1141,0
52,221,1120,0
39,240,1080,0
45,250,1073,0
44,247,1085,0
37,137,1007,0
37,110,1010,0
49,108,1012,0
45,91,1033,0
41,94,1010,0
33,89,973,0
26,92,956,0
27,94,915,0
19,89,915,0
45,66,932,0
34,31,990,0
52,16,1015,0
44,-38,1023,0
37,-58,1040,0
38,-49,1052,0
44,-39,1046,0
41,-36,1016,0
66,-56,993,0
62,-75,970,0
67,-73,958,0
79,-78,956,0
76,-96,936,0
72,-112,929,0
75,-130,936,0
57,-140,916,0
52,-114,891,0
33,-92,884,0
17,-68,851,0
10,-54,835,0
10,-17,802,0
-9,-19,824,0
19,-7,805,0
36,-11,826,0
26,-15,814,0
46,13,823,0
28,45,815,0
42,74,810,0
66,135,763,0
83,191,747,0
92,243,737,0
129,263,735,0
140,260,710,0
120,269,679,0
129,294,674,0
132,312,686,0
139,326,699,0
158,357,713,0
179,382,696,0
184,384,721,0
200,398,742,0
210,401,787,0
244,409,805,0
249,403,839,0
270,380,840,0
283,397,856,0
304,400,882,0
305,412,911,0
325,432,927,0
358,449,939,0
393,454,938,0
408,444,928,0
417,432,908,0
442,445,913,0
463,464,899,0
486,469,930,0
510,453,963,0
545,441,991,0
548,425,1070,0
557,387,1117,0
559,374,1096,0
560,353,1104,0
568,343,1119,0
567,326,1111,0
579,329,1092,0
582,294,1093,0
566,260,1115,0
570,242,1111,0
547,222,1085,0
550,230,1075,0
561,234,1060,0
560,225,1058,0
562,195,1069,0
556,166,1102,0
561,119,1121,0
559,99,1098,0
559,90,1091,0
556,103,1080,0
564,91,1066,0
576,104,1087,0
573,115,1064,0
586,123,1112,0
575,98,1119,0
568,81,1108,0
567,66,1073,0
547,96,1043,0
555,123,1027,0
576,145,1012,0
582,169,993,0
582,177,959,0
580,180,986,0
574,190,965,0
577,189,960,0
567,214,946,0
573,212,950,0
582,204,954,0
583,235,938,0
583,234,934,0
567,235,938,0
578,225,938,0
565,205,934,0
562,172,945,0
569,154,981,0
542,139,986,0
545,152,1010,0
541,126,1020,0
528,117,1027,0
523,108,1055,0
542,108,1076,0
574,102,1116,0
550,79,1111,0
563,60,1101,0
561,49,1092,0
556,29,1084,0
553,8,1111,0
530,11,1083,0
520,-11,1061,0
524,-34,1061,0
499,-65,1057,0
480,-73,1066,0
468,-106,1046,0
443,-109,1041,0
430,-105,1012,0
426,-107,1002,0
410,-147,1009,0
375,-182,984,0
372,-214,1002,0
355,-232,1037,0
353,-211,1021,0
334,-183,987,0
329,-159,960,0
336,-136,921,0
324,-115,921,0
315,-120,897,0
303,-170,937,0
285,-224,970,0
273,-237,986,0
280,-214,966,0
281,-155,941,0
274,-100,925,0
257,-66,873,0
255,-63,852,0
220,-39,859,0
216,-54,836,0
189,-100,851,0
187,-142,876,0
179,-151,918,0
171,-140,899,0
187,-90,896,0
202,-13,872,0
214,25,844,0
193,37,870,0
189,32,872,0
170,35,864,0
166,10,898,0
137,-29,919,0
139,-38,909,0
140,-35,945,0
123,3,922,0
135,37,898,0
119,65,895,0
112,66,887,0
102,81,887,0
109,56,894,0
106,17,921,0
92,2,911,0
105,32,877,0
103,89,812,0
113,127,784,0
94,163,794,0
103,178,795,0
93,173,826,0
82,134,854,0
79,128,856,0
69,115,875,0
54,119,834,0
45,119,805,0
41,128,803,0
27,151,804,0
12,172,863,0
17,182,930,0
26,186,928,0
14,194,960,0
22,223,946,0
4,233,932,0
-9,285,893,0
-9,344,880,0
-9,392,893,0
8,396,903,0
12,386,936,0
22,383,975,0
43,392,988,0
49,403,1005,0
68,438,1008,0
69,475,988,0
87,482,977,0
95,491,990,0
106,473,1025,0
131,440,1038,0
119,393,1052,0
124,359,1053,0
116,332,1079,0
114,318,1067,0
116,307,1076,0
106,277,1045,0
81,267,1002,0
74,240,997,0
62,206,1001,0
47,170,990,0
36,133,990,0
31,128,1013,0
21,118,1016,0
8,96,981,0
10,94,976,0
8,86,963,0
8,85,978,0
5,65,960,0
-8,32,981,0
-9,13,973,0
-11,6,985,0
-13,-9,978,0
-3,-3,999,0
78,-62,974,0
73,-73,959,0
54,-73,939,0
41,-58,914,0
36,-51,900,0
18,-31,871,0
25,-17,846,0
30,-36,871,0
30,-58,811,0
1,-50,821,0
9,-81,746,0
-2,-63,756,0
-17,-32,731,0
-7,13,730,0
4,55,729,0
12,81,709,0
25,93,719,0
54,67,720,0
62,48,735,0
88,53,778,0
111,40,789,0
133,55,772,0
166,95,737,0
193,163,768,0
224,243,763,0
248,300,759,0
282,342,766,0
303,357,741,0
304,369,762,0
304,379,757,0
319,375,786,0
346,382,809,0
361,386,846,0
382,400,894,0
401,399,940,0
421,389,963,0
418,390,968,0
439,401,1011,0
442,385,1014,0
454,384,1006,0
458,408,1009,0
459,444,971,0
478,472,962,0
495,455,986,0
512,438,974,0
506,427,983,0
518,393,1009,0
510,385,1052,0
521,379,1088,0
515,366,1077,0
498,355,1041,0
478,337,993,0
464,336,974,0
489,345,944,0
485,342,945,0
500,348,963,0
496,326,986,0
513,313,986,0
520,306,965,0
506,276,958,0
503,266,972,0
525,273,972,0
543,272,974,0
564,257,1029,0
577,214,1058,0
576,190,1095,0
571,156,1108,0
570,159,1103,0
583,181,1111,0
602,197,1081,0
599,215,1056,0
618,205,1061,0
619,180,1078,0
609,182,1074,0
587,179,1027,0
587,163,1026,0
574,176,1010,0
578,196,1006,0
576,225,967,0
603,231,954,0
581,207,998,0
598,194,984,0
592,179,980,0
588,181,977,0
579,182,975,0
575,185,955,0
569,204,931,0
567,174,916,0
556,173,924,0
577,168,956,0
577,141,987,0
568,112,1002,0
582,108,1008,0
584,119,1028,0
581,122,1038,0
579,120,1032,0
570,115,1040,0
558,103,1040,0
561,87,1069,0
551,59,1064,0
544,56,1065,0
541,68,1066,0
548,58,1073,0
552,56,1074,0
562,49,1088,0
551,24,1090,0
539,16,1094,0
532,-8,1126,0
513,-10,1103,0
502,7,1075,0
501,10,1065,0
482,-2,1047,0
449,6,1028,0
415,-2,1026,0
408,-6,1033,0
373,-57,1030,0
354,-62,1018,0
350,-75,1019,0
352,-47,1027,0
353,-31,1019,0
335,-14,1015,0
324,-10,977,0
297,-8,939,0
285,-17,956,0
270,-72,965,0
248,-128,1003,0
224,-166,1038,0
225,-148,1026,0
251,-82,984,0
250,-32,925,0
237,-20,905,0
224,-11,865,0
222,-18,843,0
204,-110,917,0
181,-180,922,0
173,-222,930,0
155,-230,939,0
179,-185,892,0
172,-134,833,0
173,-104,820,0
152,-78,799,0
131,-70,741,0
118,-95,782,0
101,-150,813,0
94,-204,834,0
86,-216,867,0
86,-186,874,0
114,-99,853,0
134,-11,857,0
141,20,837,0
150,36,807,0
141,10,820,0
118,-38,868,0
114,-96,903,0
114,-125,934,0
119,-101,937,0
141,-29,881,0
148,29,835,0
133,53,802,0
104,76,809,0
77,80,847,0
52,90,887,0
34,113,893,0
28,117,895,0
16,164,851,0
18,245,826,0
12,331,795,0
4,387,802,0
3,409,792,0
-24,402,813,0
-15,407,823,0
-16,418,811,0
-6,438,861,0
15,458,873,0
28,496,890,0
54,509,887,0
53,503,940,0
56,461,961,0
68,404,978,0
42,358,984,0
48,343,1005,0
52,330,1037,0
45,317,1039,0
57,295,1035,0
55,280,1063,0
64,232,1077,0
52,189,1083,0
34,169,1088,0
40,132,1083,0
26,118,1048,0
27,105,1036,0
19,120,1045,0
37,104,1031,0
31,72,1030,0
26,50,1013,0
25,39,1019,0
19,17,1025,0
24,-8,1001,0
17,-20,998,0
25,-13,985,0
29,-15,970,0
34,-31,988,0
37,-35,968,0
40,-43,973,0
26,-66,954,0
26,-92,964,0
34,-100,962,0
37,-118,977,0
45,-117,967,0
69,-110,979,0
64,-117,969,0
53,-130,980,0
32,-31,810,0
18,-3,763,0
29,31,762,0
49,48,774,0
57,68,780,0
86,85,784,0
97,75,805,0
107,93,801,0
115,85,765,0
108,78,748,0
127,74,712,0
119,96,676,0
150,112,680,0
170,190,717,0
209,211,800,0
198,216,815,0
199,233,832,0
191,239,845,0
187,240,857,0
194,283,838,0
205,323,849,0
212,364,836,0
219,416,828,0
241,447,852,0
269,444,934,0
267,437,950,0
289,425,997,0
307,409,995,0
311,421,1012,0
327,449,993,0
345,466,969,0
365,505,938,0
357,553,924,0
370,562,890,0
363,574,882,0
378,557,890,0
387,515,960,0
385,486,996,0
396,450,1014,0
387,446,1007,0
403,435,970,0
416,429,957,0
424,426,912,0
441,417,909,0
420,415,929,0
431,397,942,0
426,392,949,0
419,395,980,0
447,375,1013,0
460,374,1003,0
489,382,1000,0
494,356,1020,0
507,330,1023,0
523,307,1060,0
552,286,1105,0
571,280,1187,0
595,265,1208,0
582,261,1195,0
581,284,1175,0
586,302,1164,0
605,311,1105,0
607,306,1079,0
601,266,1078,0
603,245,1084,0
584,223,1097,0
596,203,1088,0
591,210,1074,0
572,210,1062,0
572,209,1085,0
568,202,1068,0
563,182,1087,0
544,167,1099,0
555,138,1111,0
547,87,1125,0
525,100,1131,0
526,107,1100,0
519,129,1064,0
504,148,1034,0
496,140,1006,0
483,115,1021,0
464,88,1046,0
458,97,1040,0
456,91,1050,0
455,107,1073,0
457,101,1028,0
429,115,1023,0
423,104,998,0
412,79,988,0
384,60,975,0
360,51,948,0
368,40,969,0
359,45,963,0
343,31,964,0
361,34,984,0
358,31,992,0
366,-22,998,0
364,-72,1043,0
362,-82,1045,0
365,-76,1061,0
358,-60,1028,0
364,-38,1010,0
376,-12,986,0
370,-9,974,0
369,2,948,0
366,-33,947,0
350,-96,1029,0
337,-151,1078,0
318,-172,1082,0
321,-160,1076,0
317,-113,1048,0
297,-105,1002,0
280,-104,968,0
265,-125,952,0
245,-148,922,0
213,-228,992,0
202,-303,1058,0
180,-331,1061,0
176,-308,1038,0
189,-242,1000,0
190,-169,945,0
193,-137,897,0
173,-135,832,0
158,-112,825,0
155,-141,838,0
146,-189,862,0
150,-298,964,0
169,-338,1030,0
213,-298,1025,0
234,-180,940,0
264,-89,898,0
251,-45,855,0
241,-52,831,0
222,-101,817,0
199,-127,859,0
201,-138,882,0
193,-161,903,0
175,-157,914,0
169,-109,887,0
171,-57,858,0
171,-30,803,0
133,-24,819,0
127,-40,829,0
97,-57,862,0
99,-33,880,0
99,-9,873,0
104,-14,918,0
100,33,908,0
92,53,862,0
78,68,851,0
53,95,882,0
39,126,900,0
21,135,934,0
18,135,951,0
12,170,953,0
9,211,947,0
1,263,944,0
-7,274,939,0
-10,332,915,0
-11,392,903,0
9,420,877,0
19,441,869,0
26,473,860,0
23,479,864,0
25,465,891,0
11,430,869,0
6,430,875,0
19,476,875,0
30,503,892,0
51,492,915,0
52,457,929,0
33,409,937,0
23,369,973,0
-2,323,986,0
-3,290,999,0
3,281,988,0
4,292,1009,0
14,283,987,0
-2,246,1005,0
-5,210,1000,0
-15,181,1017,0
-17,177,1025,0
-13,174,1019,0
-14,152,992,0
-14,129,992,0
-13,115,997,0
-16,141,996,0
-9,149,979,0
1,146,970,0
-7,135,993,0
-9,107,984,0
-6,99,994,0
-10,74,989,0
-3,84,987,0
1,91,1004,0
4,99,1004,0
8,111,995,0
24,90,984,0
22,79,994,0
23,71,991,0
31,43,1028,0
28,15,1028,0
33,-2,1050,0
38,2,1028,0
56,4,1040,0
63,9,1042,0
54,-9,1043,0
50,-30,1031,0
49,-41,1006,0
40,-35,1021,0
-67,44,643,0
-54,3,676,0
-50,-14,691,0
-21,-23,739,0
1,-23,780,0
11,-10,845,0
41,-8,809,0
15,15,830,0
30,49,795,0
48,81,771,0
61,105,756,0
79,141,792,0
118,194,843,0
167,225,869,0
197,246,905,0
217,267,923,0
240,298,936,0
310,320,935,0
321,310,975,0
320,299,966,0
325,267,921,0
318,282,886,0
322,324,904,0
332,360,923,0
331,395,928,0
335,425,883,0
319,412,874,0
349,396,856,0
370,364,860,0
361,344,829,0
377,336,843,0
413,354,903,0
419,347,967,0
429,342,999,0
451,324,1011,0
451,288,1024,0
446,239,1049,0
440,222,1031,0
453,203,1068,0
464,170,1103,0
485,154,1160,0
489,135,1211,0
500,147,1228,0
541,188,1208,0
535,197,1156,0
559,226,1123,0
577,241,1135,0
595,210,1215,0
611,164,1264,0
611,151,1269,0
610,138,1253,0
606,147,1225,0
608,175,1183,0
638,204,1182,0
657,201,1183,0
659,199,1173,0
657,181,1185,0
643,167,1161,0
643,157,1163,0
647,161,1162,0
655,164,1161,0
654,151,1172,0
648,134,1182,0
658,120,1206,0
633,106,1182,0
627,105,1147,0
601,88,1102,0
592,105,1087,0
577,93,1051,0
567,86,1069,0
570,75,1105,0
560,67,1089,0
570,51,1087,0
570,73,1069,0
573,75,1046,0
564,75,1028,0
540,93,1021,0
544,97,1020,0
548,94,1016,0
507,82,993,0
495,59,979,0
497,49,938,0
498,49,963,0
476,24,1005,0
485,1,965,0
459,-30,1015,0
432,-56,1057,0
440,-56,1057,0
431,-62,1040,0
416,-100,1021,0
392,-124,1002,0
379,-156,1017,0
377,-162,990,0
362,-172,1020,0
373,-153,1038,0
363,-169,1059,0
342,-194,1088,0
342,-212,1076,0
350,-186,1053,0
344,-150,1026,0
336,-117,986,0
324,-100,933,0
315,-91,869,0
296,-66,893,0
270,-74,853,0
262,-134,894,0
220,-249,1005,0
197,-313,1078,0
198,-306,1041,0
202,-254,991,0
205,-183,909,0
187,-154,822,0
162,-152,784,0
145,-136,773,0
139,-131,754,0
96,-102,756,0
116,-104,747,0
87,-178,843,0
81,-236,891,0
92,-236,894,0
98,-180,890,0
116,-124,855,0
137,-68,786,0
126,-25,768,0
133,-22,792,0
101,-29,797,0
100,-43,793,0
75,-67,810,0
64,-73,851,0
65,-95,881,0
68,-67,902,0
104,-11,905,0
117,51,849,0
112,65,792,0
103,77,789,0
81,85,774,0
64,79,760,0
40,81,788,0
45,70,808,0
29,68,831,0
13,70,827,0
24,71,826,0
37,93,809,0
28,115,764,0
17,142,748,0
-6,196,767,0
9,237,807,0
-26,236,813,0
-31,240,774,0
-27,266,758,0
-14,295,760,0
6,333,766,0
6,402,809,0
41,455,839,0
41,482,852,0
58,483,871,0
88,477,914,0
129,468,960,0
179,455,990,0
197,464,1008,0
219,485,1032,0
227,526,1022,0
234,555,1066,0
248,551,1082,0
239,542,1077,0
224,524,1095,0
227,514,1078,0
232,511,1068,0
203,492,1041,0
194,485,1048,0
170,468,1032,0
163,444,1039,0
152,402,1050,0
149,370,1054,0
153,307,1068,0
140,287,1079,0
138,255,1060,0
117,234,1046,0
111,221,1043,0
100,225,1015,0
73,223,968,0
69,209,957,0
64,203,934,0
59,185,946,0
58,188,958,0
52,177,965,0
43,142,984,0
48,108,989,0
53,109,999,0
65,106,1002,0
69,112,987,0
69,114,980,0
89,92,1000,0
105,62,1047,0
